-- phpMyAdmin SQL Dump
-- version 3.5.2
-- http://www.phpmyadmin.net
--
-- Host: localhost
-- Generation Time: May 02, 2014 at 03:00 AM
-- Server version: 5.5.25a
-- PHP Version: 5.4.4

SET SQL_MODE="NO_AUTO_VALUE_ON_ZERO";
SET time_zone = "+00:00";


/*!40101 SET @OLD_CHARACTER_SET_CLIENT=@@CHARACTER_SET_CLIENT */;
/*!40101 SET @OLD_CHARACTER_SET_RESULTS=@@CHARACTER_SET_RESULTS */;
/*!40101 SET @OLD_COLLATION_CONNECTION=@@COLLATION_CONNECTION */;
/*!40101 SET NAMES utf8 */;

--
-- Database: `cipika_store`
--

-- --------------------------------------------------------

--
-- Table structure for table `ci_sessions`
--

CREATE TABLE IF NOT EXISTS `ci_sessions` (
  `session_id` varchar(40) NOT NULL DEFAULT '0',
  `ip_address` varchar(45) NOT NULL DEFAULT '0',
  `user_agent` varchar(120) NOT NULL,
  `last_activity` int(10) unsigned NOT NULL DEFAULT '0',
  `user_data` text NOT NULL,
  PRIMARY KEY (`session_id`),
  KEY `last_activity_idx` (`last_activity`)
) ENGINE=InnoDB DEFAULT CHARSET=latin1;

--
-- Dumping data for table `ci_sessions`
--

INSERT INTO `ci_sessions` (`session_id`, `ip_address`, `user_agent`, `last_activity`, `user_data`) VALUES
('10f2a89913aa8fd0c9f5c2902fb5e636', '::1', 'Mozilla/5.0 (Windows NT 6.1; WOW64) AppleWebKit/537.36 (KHTML, like Gecko) Chrome/34.0.1847.131 Safari/537.36', 1398963313, ''),
('112e75c17d08ddabd0a5d4701f34f669', '::1', 'Mozilla/5.0 (Windows NT 6.1; WOW64) AppleWebKit/537.36 (KHTML, like Gecko) Chrome/34.0.1847.131 Safari/537.36', 1398963326, ''),
('17ef633480958a5aa5bf1ee6eed6f5b4', '::1', 'Mozilla/5.0 (Windows NT 6.1; WOW64) AppleWebKit/537.36 (KHTML, like Gecko) Chrome/34.0.1847.131 Safari/537.36', 1398963327, ''),
('27f8cba6855bc15d8d45d1e11cd77a53', '::1', 'Mozilla/5.0 (Windows NT 6.1; WOW64) AppleWebKit/537.36 (KHTML, like Gecko) Chrome/34.0.1847.131 Safari/537.36', 1398963313, ''),
('316d60c4999ca0af25900ad83bfa9bf5', '::1', 'Mozilla/5.0 (Windows NT 6.1; WOW64) AppleWebKit/537.36 (KHTML, like Gecko) Chrome/34.0.1847.131 Safari/537.36', 1398963324, ''),
('37ee91d00ef1d06b050f94b62404822b', '::1', 'Mozilla/5.0 (Windows NT 6.1; WOW64) AppleWebKit/537.36 (KHTML, like Gecko) Chrome/34.0.1847.131 Safari/537.36', 1398963331, ''),
('448727149f594e1d2a53029cb68a7dfc', '::1', 'Mozilla/5.0 (Windows NT 6.1; WOW64) AppleWebKit/537.36 (KHTML, like Gecko) Chrome/34.0.1847.131 Safari/537.36', 1398963331, ''),
('451c20a643dc8f55c4535120ab165476', '::1', 'Mozilla/5.0 (Windows NT 6.1; WOW64) AppleWebKit/537.36 (KHTML, like Gecko) Chrome/34.0.1847.131 Safari/537.36', 1398963312, ''),
('4f9596e49f2c662cbedc96f374ed7d6a', '::1', 'Mozilla/5.0 (Windows NT 6.1; WOW64) AppleWebKit/537.36 (KHTML, like Gecko) Chrome/34.0.1847.131 Safari/537.36', 1398963310, 'a:3:{s:9:"user_data";s:0:"";s:6:"member";O:8:"stdClass":34:{s:7:"id_user";s:2:"15";s:10:"ip_address";s:11:"192.168.1.1";s:8:"username";s:8:"my store";s:8:"password";s:32:"21232f297a57a5a743894a0e4a801fc3";s:4:"salt";s:32:"21232f297a57a5a743894a0e4a801fc3";s:5:"email";s:15:"member@mail.com";s:15:"activation_code";s:32:"21232f297a57a5a743894a0e4a801fc3";s:23:"forgotten_password_code";s:32:"21232f297a57a5a743894a0e4a801fc3";s:23:"forgotten_password_time";s:1:"3";s:13:"remember_code";s:22:"ZjEE4tnzIZ6QIAGapGagGu";s:10:"last_login";s:19:"2014-04-23 22:20:09";s:6:"active";s:1:"1";s:9:"firstname";s:6:"member";s:8:"lastname";s:6:"cipika";s:5:"image";N;s:6:"alamat";s:27:"jl semolo waru elok blok j3";s:6:"telpon";s:12:"085712345674";s:3:"bio";s:30:"i am a members of cipika store";s:10:"newsletter";s:1:"1";s:7:"id_kota";s:3:"240";s:8:"id_level";s:1:"6";s:9:"id_status";s:1:"1";s:8:"id_group";s:1:"3";s:10:"date_added";s:19:"2014-04-23 22:23:54";s:13:"date_modified";s:19:"2014-04-23 22:23:58";s:9:"birthdate";s:19:"2014-04-23 22:23:58";s:8:"fb_token";N;s:7:"fb_name";N;s:8:"fb_email";N;s:16:"fb_token_expired";N;s:8:"tw_token";N;s:9:"tw_secret";N;s:6:"gcm_id";N;s:6:"gender";s:3:"man";}s:13:"cart_contents";a:4:{s:32:"d645920e395fedad7bbbed0eca3fe2e0";a:11:{s:5:"rowid";s:32:"d645920e395fedad7bbbed0eca3fe2e0";s:2:"id";s:2:"40";s:5:"image";s:70:"http://localhost/cipika/asset/upload/p18mbap7r91q2qmhm1c4vpe71sl59.jpg";s:3:"qty";s:1:"3";s:4:"name";s:11:"Kebab Super";s:5:"price";s:5:"12000";s:5:"harga";s:5:"12000";s:5:"berat";s:1:"0";s:4:"stok";s:2:"12";s:8:"discount";s:1:"0";s:8:"subtotal";i:36000;}s:32:"d67d8ab4f4c10bf22aa353e27879133c";a:11:{s:5:"rowid";s:32:"d67d8ab4f4c10bf22aa353e27879133c";s:2:"id";s:2:"39";s:5:"image";s:68:"http://localhost/cipika/asset/upload/p18mbanp46l8g1oelud12l5j4k9.jpg";s:3:"qty";s:1:"1";s:4:"name";s:9:"pizza hot";s:5:"price";s:5:"15000";s:5:"harga";s:5:"15000";s:5:"berat";s:1:"0";s:4:"stok";s:2:"20";s:8:"discount";s:1:"0";s:8:"subtotal";i:15000;}s:11:"total_items";i:4;s:10:"cart_total";i:51000;}}'),
('5e6959b3865b00be7cf612acdb0b975a', '::1', 'Mozilla/5.0 (Windows NT 6.1; WOW64) AppleWebKit/537.36 (KHTML, like Gecko) Chrome/34.0.1847.131 Safari/537.36', 1398963324, ''),
('69606e489321188f86e9dfd638fada9a', '::1', 'Mozilla/5.0 (Windows NT 6.1; WOW64) AppleWebKit/537.36 (KHTML, like Gecko) Chrome/34.0.1847.131 Safari/537.36', 1398963321, ''),
('99fc03cd40fa87440a2a2357a88c7265', '::1', 'Mozilla/5.0 (Windows NT 6.1; WOW64) AppleWebKit/537.36 (KHTML, like Gecko) Chrome/34.0.1847.131 Safari/537.36', 1398963331, ''),
('ac9b673f20411abf5dd3dab7be457d9d', '::1', 'Mozilla/5.0 (Windows NT 6.1; WOW64) AppleWebKit/537.36 (KHTML, like Gecko) Chrome/34.0.1847.131 Safari/537.36', 1398963330, ''),
('b5dee2aac58de967149fde94a6fb6a25', '::1', 'Mozilla/5.0 (Windows NT 6.1; WOW64) AppleWebKit/537.36 (KHTML, like Gecko) Chrome/34.0.1847.131 Safari/537.36', 1398963314, ''),
('bf259fe9af2869159585985860161308', '::1', 'Mozilla/5.0 (Windows NT 6.1; WOW64) AppleWebKit/537.36 (KHTML, like Gecko) Chrome/34.0.1847.131 Safari/537.36', 1398963324, ''),
('d4555a151ef34b7b7b3c78103f33d3f6', '::1', 'Mozilla/5.0 (Windows NT 6.1; WOW64) AppleWebKit/537.36 (KHTML, like Gecko) Chrome/34.0.1847.131 Safari/537.36', 1398963323, ''),
('d938ef3beffc1c0356517751a489d148', '::1', 'Mozilla/5.0 (Windows NT 6.1; WOW64) AppleWebKit/537.36 (KHTML, like Gecko) Chrome/34.0.1847.131 Safari/537.36', 1398963311, ''),
('e8149e10b07290c0c3ff97c352c194f1', '::1', 'Mozilla/5.0 (Windows NT 6.1; WOW64; rv:28.0) Gecko/20100101 Firefox/28.0', 1398963120, 'a:3:{s:9:"user_data";s:0:"";s:6:"member";O:8:"stdClass":34:{s:7:"id_user";s:2:"15";s:10:"ip_address";s:11:"192.168.1.1";s:8:"username";s:8:"my store";s:8:"password";s:32:"21232f297a57a5a743894a0e4a801fc3";s:4:"salt";s:32:"21232f297a57a5a743894a0e4a801fc3";s:5:"email";s:15:"member@mail.com";s:15:"activation_code";s:32:"21232f297a57a5a743894a0e4a801fc3";s:23:"forgotten_password_code";s:32:"21232f297a57a5a743894a0e4a801fc3";s:23:"forgotten_password_time";s:1:"3";s:13:"remember_code";s:22:"ZjEE4tnzIZ6QIAGapGagGu";s:10:"last_login";s:19:"2014-04-23 22:20:09";s:6:"active";s:1:"1";s:9:"firstname";s:6:"member";s:8:"lastname";s:6:"cipika";s:5:"image";N;s:6:"alamat";s:27:"jl semolo waru elok blok j3";s:6:"telpon";s:12:"085712345674";s:3:"bio";s:30:"i am a members of cipika store";s:10:"newsletter";s:1:"1";s:7:"id_kota";s:3:"240";s:8:"id_level";s:1:"6";s:9:"id_status";s:1:"1";s:8:"id_group";s:1:"3";s:10:"date_added";s:19:"2014-04-23 22:23:54";s:13:"date_modified";s:19:"2014-04-23 22:23:58";s:9:"birthdate";s:19:"2014-04-23 22:23:58";s:8:"fb_token";N;s:7:"fb_name";N;s:8:"fb_email";N;s:16:"fb_token_expired";N;s:8:"tw_token";N;s:9:"tw_secret";N;s:6:"gcm_id";N;s:6:"gender";s:3:"man";}s:13:"cart_contents";a:4:{s:32:"d67d8ab4f4c10bf22aa353e27879133c";a:11:{s:5:"rowid";s:32:"d67d8ab4f4c10bf22aa353e27879133c";s:2:"id";s:2:"39";s:5:"image";s:68:"http://localhost/cipika/asset/upload/p18mbanp46l8g1oelud12l5j4k9.jpg";s:3:"qty";s:1:"1";s:4:"name";s:9:"pizza hot";s:5:"price";s:5:"15000";s:5:"harga";s:5:"15000";s:5:"berat";s:1:"0";s:4:"stok";s:2:"20";s:8:"discount";s:1:"0";s:8:"subtotal";i:15000;}s:32:"d645920e395fedad7bbbed0eca3fe2e0";a:11:{s:5:"rowid";s:32:"d645920e395fedad7bbbed0eca3fe2e0";s:2:"id";s:2:"40";s:5:"image";s:70:"http://localhost/cipika/asset/upload/p18mbap7r91q2qmhm1c4vpe71sl59.jpg";s:3:"qty";s:1:"1";s:4:"name";s:11:"Kebab Super";s:5:"price";s:5:"12000";s:5:"harga";s:5:"12000";s:5:"berat";s:1:"0";s:4:"stok";s:2:"12";s:8:"discount";s:1:"0";s:8:"subtotal";i:12000;}s:11:"total_items";i:2;s:10:"cart_total";i:27000;}}');

-- --------------------------------------------------------

--
-- Table structure for table `groups`
--

CREATE TABLE IF NOT EXISTS `groups` (
  `id` mediumint(8) unsigned NOT NULL AUTO_INCREMENT,
  `name` varchar(20) NOT NULL,
  `description` varchar(100) NOT NULL,
  PRIMARY KEY (`id`)
) ENGINE=InnoDB  DEFAULT CHARSET=utf8 AUTO_INCREMENT=3 ;

--
-- Dumping data for table `groups`
--

INSERT INTO `groups` (`id`, `name`, `description`) VALUES
(1, 'admin', 'Administrator'),
(2, 'members', 'General User');

-- --------------------------------------------------------

--
-- Table structure for table `login_attempts`
--

CREATE TABLE IF NOT EXISTS `login_attempts` (
  `id` int(11) unsigned NOT NULL AUTO_INCREMENT,
  `ip_address` varchar(15) NOT NULL,
  `login` varchar(100) NOT NULL,
  `time` int(11) unsigned DEFAULT NULL,
  PRIMARY KEY (`id`)
) ENGINE=InnoDB DEFAULT CHARSET=utf8 AUTO_INCREMENT=1 ;

-- --------------------------------------------------------

--
-- Table structure for table `tbl_cart`
--

CREATE TABLE IF NOT EXISTS `tbl_cart` (
  `id_cart` int(11) NOT NULL AUTO_INCREMENT,
  `id_user` int(11) NOT NULL,
  `id_produk` int(11) NOT NULL,
  `jml` int(11) DEFAULT NULL,
  `date_added` timestamp NULL DEFAULT NULL,
  `date_modified` timestamp NULL DEFAULT NULL,
  PRIMARY KEY (`id_cart`),
  KEY `fk_tbl_cart_tbl_user1_idx` (`id_user`),
  KEY `fk_tbl_cart_tbl_produk1_idx` (`id_produk`)
) ENGINE=InnoDB DEFAULT CHARSET=latin1 AUTO_INCREMENT=1 ;

-- --------------------------------------------------------

--
-- Table structure for table `tbl_comment`
--

CREATE TABLE IF NOT EXISTS `tbl_comment` (
  `id_comment` int(11) NOT NULL AUTO_INCREMENT,
  `parent_id` int(11) DEFAULT '0',
  `id_user` int(11) NOT NULL,
  `id_produk` int(11) NOT NULL,
  `comment` text NOT NULL,
  `publish` tinyint(1) NOT NULL DEFAULT '0',
  `date_added` datetime NOT NULL,
  `date_modified` datetime NOT NULL,
  PRIMARY KEY (`id_comment`),
  KEY `product_id` (`id_produk`),
  KEY `fk_tbl_review_tbl_user1_idx` (`id_user`)
) ENGINE=InnoDB DEFAULT CHARSET=utf8 AUTO_INCREMENT=1 ;

-- --------------------------------------------------------

--
-- Table structure for table `tbl_ekspedisi`
--

CREATE TABLE IF NOT EXISTS `tbl_ekspedisi` (
  `id_ekspedisi` int(11) NOT NULL AUTO_INCREMENT,
  `nama_ekspidisi` varchar(45) DEFAULT NULL,
  `telepon` varchar(45) DEFAULT NULL,
  `alamat` varchar(100) DEFAULT NULL,
  `date_added` timestamp NULL DEFAULT NULL,
  `date_modified` timestamp NULL DEFAULT NULL,
  PRIMARY KEY (`id_ekspedisi`)
) ENGINE=InnoDB  DEFAULT CHARSET=latin1 AUTO_INCREMENT=4 ;

--
-- Dumping data for table `tbl_ekspedisi`
--

INSERT INTO `tbl_ekspedisi` (`id_ekspedisi`, `nama_ekspidisi`, `telepon`, `alamat`, `date_added`, `date_modified`) VALUES
(1, 'POS', '021-3456879', 'jl sudirman 100', '2014-04-19 10:45:42', '2014-04-19 10:45:44'),
(2, 'JNE', '021-856987', 'jl pasarminggu 55', '2014-04-19 10:46:39', '2014-04-19 10:46:40'),
(3, 'Tiki', '021-850010', 'jl monas 33', '2014-04-19 10:47:08', '2014-04-19 10:47:10');

-- --------------------------------------------------------

--
-- Table structure for table `tbl_follow`
--

CREATE TABLE IF NOT EXISTS `tbl_follow` (
  `id_user_following` int(11) NOT NULL,
  `id_user_followed` int(11) NOT NULL,
  `date_added` timestamp NULL DEFAULT NULL,
  PRIMARY KEY (`id_user_following`,`id_user_followed`),
  KEY `fk_tbl_user_has_tbl_user_tbl_user2_idx` (`id_user_followed`),
  KEY `fk_tbl_user_has_tbl_user_tbl_user1_idx` (`id_user_following`)
) ENGINE=InnoDB DEFAULT CHARSET=latin1;

-- --------------------------------------------------------

--
-- Table structure for table `tbl_group`
--

CREATE TABLE IF NOT EXISTS `tbl_group` (
  `id_group` int(11) NOT NULL AUTO_INCREMENT,
  `id_user` int(11) NOT NULL,
  `nama_group` varchar(45) DEFAULT NULL,
  `keterangan` varchar(100) DEFAULT NULL,
  `date_added` timestamp NULL DEFAULT NULL,
  `date_modified` timestamp NULL DEFAULT NULL,
  PRIMARY KEY (`id_group`),
  KEY `fk_tbl_group_tbl_user1_idx` (`id_user`)
) ENGINE=InnoDB  DEFAULT CHARSET=latin1 AUTO_INCREMENT=4 ;

--
-- Dumping data for table `tbl_group`
--

INSERT INTO `tbl_group` (`id_group`, `id_user`, `nama_group`, `keterangan`, `date_added`, `date_modified`) VALUES
(3, 1, 'admin group', 'group of Cipikastore admin`s', '2014-04-19 10:44:55', '2014-04-19 10:44:58');

-- --------------------------------------------------------

--
-- Table structure for table `tbl_kategori`
--

CREATE TABLE IF NOT EXISTS `tbl_kategori` (
  `id_kategori` int(11) NOT NULL AUTO_INCREMENT,
  `nama_kategori` varchar(45) DEFAULT NULL,
  `keterangan` varchar(255) DEFAULT NULL,
  `id_parent` int(11) DEFAULT '0',
  PRIMARY KEY (`id_kategori`)
) ENGINE=InnoDB  DEFAULT CHARSET=latin1 AUTO_INCREMENT=29 ;

--
-- Dumping data for table `tbl_kategori`
--

INSERT INTO `tbl_kategori` (`id_kategori`, `nama_kategori`, `keterangan`, `id_parent`) VALUES
(1, 'fashion', NULL, 0),
(2, 'food', NULL, 0),
(3, 'handicraft', NULL, 0),
(4, 'pakaian', NULL, 1),
(5, 'tas', NULL, 1),
(6, 'dompet', NULL, 1),
(7, 'sepatu & sandal', NULL, 1),
(8, 'perhiasan & aksesoris', NULL, 1),
(9, 'makanan', NULL, 2),
(10, 'minuman', NULL, 2),
(11, 'camilan', NULL, 2),
(13, 'wayang', NULL, 3),
(15, 'kerajinan', NULL, 3),
(16, 'patung', NULL, 3),
(17, 'senjata tradisional', NULL, 3),
(18, 'pria', NULL, 4),
(19, 'wanita', NULL, 4),
(20, 'anak', NULL, 4),
(21, 'pria', NULL, 5),
(22, 'wanita', NULL, 5),
(23, 'anak', NULL, 5),
(24, 'pria', NULL, 7),
(25, 'wanita', NULL, 7),
(26, 'anak', NULL, 7),
(27, 'perhiasan', NULL, 8),
(28, 'aksesoris', NULL, 8);

-- --------------------------------------------------------

--
-- Table structure for table `tbl_kota`
--

CREATE TABLE IF NOT EXISTS `tbl_kota` (
  `id_kota` int(11) NOT NULL AUTO_INCREMENT,
  `id_provinsi` int(11) NOT NULL,
  `kode_kota` int(11) NOT NULL,
  `nama_kota` varchar(100) NOT NULL,
  PRIMARY KEY (`id_kota`),
  KEY `fk_tbl_kota_tbl_propinsi_idx` (`id_provinsi`)
) ENGINE=InnoDB  DEFAULT CHARSET=latin1 AUTO_INCREMENT=441 ;

--
-- Dumping data for table `tbl_kota`
--

INSERT INTO `tbl_kota` (`id_kota`, `id_provinsi`, `kode_kota`, `nama_kota`) VALUES
(1, 1, 1101, 'KAB. ACEH SELATAN'),
(2, 1, 1102, 'KAB. ACEH TENGGARA'),
(3, 1, 1103, 'KAB. ACEH TIMUR'),
(4, 1, 1104, 'KAB. TENGAH'),
(5, 1, 1105, 'KAB. ACEH BARAT'),
(6, 1, 1106, 'KAB. ACEH BESAR'),
(7, 1, 1107, 'KAB. PIDIE'),
(8, 1, 1108, 'KAB. ACEH UTARA'),
(9, 1, 1109, 'KAB. SIMEULUE'),
(10, 1, 1110, 'KAB. ACEH SINGKIL'),
(11, 1, 1111, 'KAB. BIREUN'),
(12, 1, 1112, 'KAB. ACEH BARAT DAYA'),
(13, 1, 1113, 'KAB. GAYO LUES'),
(14, 1, 1114, 'KAB. ACEH JAYA'),
(15, 1, 1115, 'KAB. NAGAN JAYA'),
(16, 1, 1116, 'KAB. ACEH TAMIANG'),
(17, 1, 1117, 'KAB. BENER MERIAH'),
(18, 1, 1171, 'KOTA BANDA ACEH'),
(19, 1, 1172, 'KOTA SABANG'),
(20, 1, 1173, 'KOTA LHOKSEUMAWE'),
(21, 1, 1174, 'KOTA LANGSA'),
(22, 2, 1201, 'KAB. TAPANULI TENGAH'),
(23, 2, 1202, 'KAB. TAPANULI UTARA'),
(24, 2, 1203, 'KAB. TAPANULI SELATAN'),
(25, 2, 1204, 'KAB. NIAS'),
(26, 2, 1205, 'KAB. LANGKAT'),
(27, 2, 1206, 'KAB. KARO'),
(28, 2, 1207, 'KAB. DELI SERDANG'),
(29, 2, 1208, 'KAB. SIMALUNGUN'),
(30, 2, 1209, 'KAB. ASAHAN'),
(31, 2, 1210, 'KAB. LABUHAN BATU'),
(32, 2, 1211, 'KAB. DAIRI'),
(33, 2, 1212, 'KAB. TOBA SAMOSIR'),
(34, 2, 1213, 'KAB. MANDAILING NATAL'),
(35, 2, 1214, 'KAB. NIAS SELATAN'),
(36, 2, 1215, 'KAB. PAKPAK BARAT'),
(37, 2, 1216, 'KAB. HUMBANG HASUNDUTAN'),
(38, 2, 1217, 'KAB. SAMOSIR'),
(39, 2, 1218, 'KAB. SERDANG BEDAGAI'),
(40, 2, 1271, 'KOTA MEDAN'),
(41, 2, 1272, 'KOTA PEMATANG SIANTAR'),
(42, 2, 1273, 'KOTA SIBOLG'),
(43, 2, 1274, 'KOTA TANJUNG BALA'),
(44, 2, 1275, 'KOTA BINJAI'),
(45, 2, 1276, 'KOTA TEBING TINGGI'),
(46, 2, 1277, 'KOTA PADANG SIDEMPUA'),
(47, 3, 1301, 'KAB.PESISIR SELATAN'),
(48, 3, 1302, 'KAB. SOLOK'),
(49, 3, 1303, 'KAB. SW.LUNTO'),
(50, 3, 1304, 'KAB. TANAH DATAR'),
(51, 3, 1305, 'KAB. PADANG PARIAMAN'),
(52, 3, 1306, 'KAB. AGAM'),
(53, 3, 1307, 'KAB. LIMA PULUH KOTA'),
(54, 3, 1308, 'KAB. PASAMAN'),
(55, 3, 1309, 'KAB. KEPULAUAN MENTAWAI'),
(56, 3, 1310, 'KAB. DHARMASRAYA'),
(57, 3, 1311, 'KAB. SOLOK SELATAN'),
(58, 3, 1312, 'KAB. PASAMAN BARAT'),
(59, 3, 1371, 'KOTA PADANG'),
(60, 3, 1372, 'KOTA SOLO'),
(61, 3, 1373, 'KOTA SAWHLUNTO'),
(62, 3, 1374, 'KOTA PADANG PANJANG'),
(63, 3, 1375, 'KOTA BUKITTINGGI'),
(64, 3, 1376, 'KOTA PAYAKUMBU'),
(65, 3, 1377, 'KOTA PARIAMA'),
(66, 4, 1401, 'KAB. KAMPAR'),
(67, 4, 1402, 'KAB. INDRAGIRI HULU'),
(68, 4, 1403, 'KAB. BENGKALIS'),
(69, 4, 1404, 'KAB. INDRAGIRI HILIR'),
(70, 4, 1405, 'KAB. PELALAWAN'),
(71, 4, 1406, 'KAB. ROKAN HULU'),
(72, 4, 1407, 'KAB. ROKAN HILIR'),
(73, 4, 1408, 'KAB. SIAK'),
(74, 4, 1409, 'KAB. KUANTAN SINGINGI'),
(75, 4, 1471, 'KOTA PEKAN BARU'),
(76, 4, 1472, 'KOTA DUMAI'),
(77, 5, 1501, 'KAB. KERINCI'),
(78, 5, 1502, 'KAB. MEANGIN'),
(79, 5, 1503, 'KAB. SAROLANGUN'),
(80, 5, 1504, 'KAB. BATANGHARI'),
(81, 5, 1505, 'KAB. MUARO JAMBI'),
(82, 5, 1506, 'KAB. TANJUNG JABUNG BARAT'),
(83, 5, 1507, 'KAB. TANJUNG JABUNG TIMUR'),
(84, 5, 1508, 'KAB. BUNGO'),
(85, 5, 1509, 'KAB. TEBO'),
(86, 5, 1571, 'KOTA JAMBI'),
(87, 6, 1601, 'KAB. OGAN KOMERING ULU'),
(88, 6, 1602, 'KAB. OGAN KOMERING ILIR'),
(89, 6, 1603, 'KAB. MUARA ENIM'),
(90, 6, 1604, 'KAB. LAHAT'),
(91, 6, 1605, 'KAB. MUSI RAWAS'),
(92, 6, 1606, 'KAB. MUSI BANYUASIN'),
(93, 6, 1607, 'KAB. BANYUASIN'),
(94, 6, 1608, 'KAB. OKU TIMUR'),
(95, 6, 1609, 'KAB. OKU SELATAN'),
(96, 6, 1610, 'KAB. OGAN ILIR'),
(97, 6, 1671, 'KOTA PALEMBANG'),
(98, 6, 1672, 'KOTA PAGAR ALAM'),
(99, 6, 1673, 'KOTA LUBUK LINGGAU'),
(100, 6, 1674, 'KOTA PRABUMULIH'),
(101, 7, 1701, 'KAB. BENGKULU SELATAN'),
(102, 7, 1702, 'KAB. REJANG LEBONG'),
(103, 7, 1703, 'KAB. BENGKULU UTARA'),
(104, 7, 1704, 'KAB. KAUR'),
(105, 7, 1705, 'KAB. SELUMA'),
(106, 7, 1706, 'KAB. MUKO MUKO'),
(107, 7, 1707, 'KAB. LEBONG'),
(108, 7, 1708, 'KAB. KEPAHIANG'),
(109, 7, 1771, 'KOTA BENGKULU'),
(110, 8, 1801, 'KAB. LAMPUNG SELATAN'),
(111, 8, 1802, 'KAB. LAMPUNG TENGAH'),
(112, 8, 1803, 'KAB. LAMPUNG UTARA'),
(113, 8, 1804, 'KAB. LAMPUNG BARAT'),
(114, 8, 1805, 'KAB. TULANG BAWANG'),
(115, 8, 1806, 'KAB. TANGGAMUS'),
(116, 8, 1807, 'KAB. LAMPUNG TIMUR'),
(117, 8, 1808, 'KAB. WAY KANAN'),
(118, 8, 1871, 'KOTA BANDAR LAMPUNG'),
(119, 8, 1872, 'KOTA METRO'),
(120, 9, 1901, 'KAB. BANGKA'),
(121, 9, 1902, 'KAB. BELITUNG'),
(122, 9, 1903, 'KAB. BANGKA SELATAN'),
(123, 9, 1904, 'KAB. BANGKA TENGAH'),
(124, 9, 1905, 'KAB. BANGKA BARAT'),
(125, 9, 1906, 'KAB. BANGKA TIMUR'),
(126, 9, 1971, 'KOTA PANGKAL PINANG'),
(127, 10, 2101, 'KAB. KEPULAUAN RIAU'),
(128, 10, 2102, 'KAB. KARIMUN'),
(129, 10, 2103, 'KAB. NATUNA'),
(130, 10, 2104, 'KAB. LINGGA'),
(131, 10, 2105, 'KOTA BATAM'),
(132, 10, 2106, 'KOTA TANJUNG PINANG'),
(133, 11, 3101, 'KAB.ADM.KEP.SERIBU'),
(134, 11, 3171, 'KODYA JAKARTA PUSAT'),
(135, 11, 3172, 'KODYA JAKARTA UTARA'),
(136, 11, 3173, 'KODYA JAKARTA BARAT'),
(137, 11, 3174, 'KODYA JAKARTA SELATAN'),
(138, 11, 3175, 'KODYA JAKARTA TIMUR'),
(139, 12, 3201, 'KAB. BOGOR'),
(140, 12, 3202, 'KAB. SUKABUMI'),
(141, 12, 3203, 'KAB. CIANJUR'),
(142, 12, 3204, 'KAB. BANDUNG'),
(143, 12, 3205, 'KAB. GARUT'),
(144, 12, 3206, 'KAB. TASIKMALAYA'),
(145, 12, 3207, 'KAB. CIAMIS'),
(146, 12, 3208, 'KAB. KUNINGAN'),
(147, 12, 3209, 'KAB. CIREBON'),
(148, 12, 3210, 'KAB. MAJALENGKA'),
(149, 12, 3211, 'KAB. SUMEDANG'),
(150, 12, 3212, 'KAB. INDRAMAYU'),
(151, 12, 3213, 'KAB. SUBANG'),
(152, 12, 3214, 'KAB. PURWAKARTA'),
(153, 12, 3215, 'KAB. KARAWANG'),
(154, 12, 3216, 'KAB. BEKASI'),
(155, 12, 3271, 'KOTA BOGOR'),
(156, 12, 3272, 'KOTA SUKABUMI'),
(157, 12, 3273, 'KOTA BANDUNG'),
(158, 12, 3274, 'KOTA CIREBON'),
(159, 12, 3275, 'KOTA BEKASI'),
(160, 12, 3276, 'KOTA DEPOK'),
(161, 12, 3277, 'KOTA CIMAHI'),
(162, 12, 3278, 'KOTA TASIKMALAYA'),
(163, 12, 3279, 'KOTA BANJAR'),
(164, 13, 3301, 'KAB. CILACAP'),
(165, 13, 3302, 'KAB. BANYUMAS'),
(166, 13, 3303, 'KAB. PURBALINGGA'),
(167, 13, 3304, 'KAB. BANJARNEGARA'),
(168, 13, 3305, 'KAB. KEBUMEN'),
(169, 13, 3306, 'KAB. PURWOREJO'),
(170, 13, 3307, 'KAB. WONOSOBO'),
(171, 13, 3308, 'KAB. MAGELANG'),
(172, 13, 3309, 'KAB. BOYOLALI'),
(173, 13, 3310, 'KAB. KLATEN'),
(174, 13, 3311, 'KAB. SUKOHARJO'),
(175, 13, 3312, 'KAB. WONOGIRI'),
(176, 13, 3313, 'KAB. KARANGANYAR'),
(177, 13, 3314, 'KAB. SRAGEN'),
(178, 13, 3315, 'KAB. GROBOGAN'),
(179, 13, 3316, 'KAB. BLORA'),
(180, 13, 3317, 'KAB. REMBANG'),
(181, 13, 3318, 'KAB. PATI'),
(182, 13, 3321, 'KAB. KUDUS'),
(183, 13, 3320, 'KAB. JEPARA'),
(184, 13, 3321, 'KAB. DEMAK'),
(185, 13, 3322, 'KAB. SEMARANG'),
(186, 13, 3323, 'KAB. TEMANGGUNG'),
(187, 13, 3324, 'KAB. KENDAL'),
(188, 13, 3325, 'KAB. BATANG'),
(189, 13, 3326, 'KAB. PEKALONGAN'),
(190, 13, 3327, 'KAB. PEMALANG'),
(191, 13, 3328, 'KAB. TEGAL'),
(192, 13, 3329, 'KAB. BREBES'),
(193, 13, 3371, 'KOTA MAGELANG'),
(194, 13, 3372, 'KOTA SURAKARTA'),
(195, 13, 3373, 'KOTA SALATIGA'),
(196, 13, 3374, 'KOTA SEMARANG'),
(197, 13, 3375, 'KOTA PEKALONGAN'),
(198, 13, 3376, 'KOTA TEGAL'),
(199, 14, 3401, 'KAB. KULON PROGO'),
(200, 14, 3402, 'KAB. BANTUL'),
(201, 14, 3403, 'KAB. GUNUNG KIDUL'),
(202, 14, 3404, 'KAB. SLEMAN'),
(203, 14, 3471, 'KOTA YOGYAKARTA'),
(204, 15, 3501, 'KAB. PACITAN'),
(205, 15, 3502, 'KAB. PONOROGO'),
(206, 15, 3503, 'KAB. TRENGGALEK'),
(207, 15, 3504, 'KAB. TULUNGAGUNG'),
(208, 15, 3505, 'KAB. BLITAR'),
(209, 15, 3506, 'KAB. KEDIRI'),
(210, 15, 3507, 'KAB. MALANG'),
(211, 15, 3508, 'KAB. LUMAJANG'),
(212, 15, 3509, 'KAB. JEMBER'),
(213, 15, 3510, 'KAB. BANYUWANGI'),
(214, 15, 3511, 'KAB. BONDOWOSO'),
(215, 15, 3512, 'KAB. SITUBONDO'),
(216, 15, 3513, 'KAB. PROBOLINGGO'),
(217, 15, 3514, 'KAB. PASURUAN'),
(218, 15, 3515, 'KAB. SIDOARJO'),
(219, 15, 3516, 'KAB. MOJOKERTO'),
(220, 15, 3517, 'KAB. JOMBANG'),
(221, 15, 3518, 'KAB. NGANJUK'),
(222, 15, 3521, 'KAB. MADIUN'),
(223, 15, 3520, 'KAB. MAGETAN'),
(224, 15, 3521, 'KAB. NGAWI'),
(225, 15, 3522, 'KAB. BOJONEGORO'),
(226, 15, 3523, 'KAB. TUBAN'),
(227, 15, 3524, 'KAB. LAMONGAN'),
(228, 15, 3525, 'KAB. GRESIK'),
(229, 15, 3526, 'KAB. BANGKALAN'),
(230, 15, 3527, 'KAB. SAMPANG'),
(231, 15, 3528, 'KAB. PAMEKASAN'),
(232, 15, 3529, 'KAB. SUMENEP'),
(233, 15, 3571, 'KOTA KEDIRI'),
(234, 15, 3572, 'KOTA BLITAR'),
(235, 15, 3573, 'KOTA MALANG'),
(236, 15, 3574, 'KOTA PROBOLINGGO'),
(237, 15, 3575, 'KOTA PASURUAN'),
(238, 15, 3576, 'KOTA MOJOKERTO'),
(239, 15, 3577, 'KOTA MADIUN'),
(240, 15, 3578, 'KOTA SURABAYA'),
(241, 15, 3579, 'BATU'),
(242, 16, 3601, 'KAB. PANDEGLANG'),
(243, 16, 3602, 'KAB. LEBAK'),
(244, 16, 3603, 'KAB. TANGERANG'),
(245, 16, 3604, 'KAB. SERANG'),
(246, 16, 3671, 'KOTA TANGERANG'),
(247, 16, 3672, 'KOTA CILEGON'),
(248, 17, 5101, 'KAB. JEMBARANA'),
(249, 17, 5102, 'KAB. TABANAN'),
(250, 17, 5103, 'KAB. BADUNG'),
(251, 17, 5104, 'KAB. GIANYAR'),
(252, 17, 5105, 'KAB. KLUNGKUNG'),
(253, 17, 5106, 'KAB. BANGLI'),
(254, 17, 5107, 'KAB. KARANGASEM'),
(255, 17, 5108, 'KAB. BULELENG'),
(256, 17, 5171, 'KOTA DENPASAR'),
(257, 18, 5201, 'KAB. LOMBOK BARAT'),
(258, 18, 5202, 'KAB. LOMBOK TENGAH'),
(259, 18, 5203, 'KAB. LOMBOK TIMUR'),
(260, 18, 5204, 'KAB. SUMBAWA'),
(261, 18, 5205, 'KAB. DOMPU'),
(262, 18, 5206, 'KAB. BIMA'),
(263, 18, 5207, 'KAB. SUMBAWA BARAT'),
(264, 18, 5271, 'KOTA MATARAM'),
(265, 18, 5272, 'KOTA BIMA'),
(266, 19, 5301, 'KAB. KUPANG'),
(267, 19, 5302, 'KAB. TIMOR TENGAH SELATAN'),
(268, 19, 5303, 'KAB. TIMOR TENGAH UTARA'),
(269, 19, 5304, 'KAB. BELU'),
(270, 19, 5305, 'KAB. ALOR'),
(271, 19, 5306, 'KAB. FLORES TIMUR'),
(272, 19, 5307, 'KAB. SIKKA'),
(273, 19, 5308, 'KAB. ENDE'),
(274, 19, 5309, 'KAB. NGADA'),
(275, 19, 5310, 'KAB. MANGGARAI'),
(276, 19, 5311, 'KAB. SUMBA TIMUR'),
(277, 19, 5312, 'KAB. SUMBA BARAT'),
(278, 19, 5313, 'KAB. LEMBATA'),
(279, 19, 5314, 'KAB. ROTE NDAO'),
(280, 19, 5315, 'KAB. MANGGARAI BARAT'),
(281, 19, 5371, 'KOTA KUPANG'),
(282, 20, 6101, 'KAB. SAMBAS'),
(283, 20, 6102, 'KAB. PONTIANAK'),
(284, 20, 6103, 'KAB. SANGGAU'),
(285, 20, 6104, 'KAB. KETAPANG'),
(286, 20, 6105, 'KAB. SINTANG'),
(287, 20, 6106, 'KAB. KAPUAS HULU'),
(288, 20, 6107, 'KAB. BENGKAYANG'),
(289, 20, 6108, 'KAB. LANDAK'),
(290, 20, 6109, 'KAB. MELAWI'),
(291, 20, 6110, 'KAB. SEKADAU'),
(292, 20, 6171, 'KOTA PONTIANAK'),
(293, 20, 6172, 'KOTA SINGKAWANG'),
(294, 21, 6201, 'KAB. KOTAWARINGIN BARAT'),
(295, 21, 6202, 'KAB. KOTAWARINGIN TIMUR'),
(296, 21, 6203, 'KAB. KAPUAS'),
(297, 21, 6204, 'KAB. BARITO SELATAN'),
(298, 21, 6205, 'KAB. BARITO UTARA'),
(299, 21, 6206, 'KAB. KATINGIN'),
(300, 21, 6207, 'KAB. SERUYAN'),
(301, 21, 6208, 'KAB. SUKAMARA'),
(302, 21, 6209, 'KAB. LAMANDAU'),
(303, 21, 6210, 'KAB. GUNUNG MAS'),
(304, 21, 6211, 'KAB. PULANG PISAU'),
(305, 21, 6212, 'KAB. MURUNG RAYA'),
(306, 21, 6213, 'KAB. BARITO TIMUR'),
(307, 21, 6271, 'KOTA PALANGKARAYA'),
(308, 22, 6301, 'KAB. TANAH LAUT'),
(309, 22, 6302, 'KAB. KOTABARU'),
(310, 22, 6303, 'KAB. BANJAR'),
(311, 22, 6304, 'KAB. BARITO KUALA'),
(312, 22, 6305, 'KAB. TAPIN'),
(313, 22, 6306, 'KAB. HULU SUNGAI SELATAN'),
(314, 22, 6307, 'KAB. HULU SUNGAI TENGAH'),
(315, 22, 6308, 'KAB. HULU SUNGAI UTARA'),
(316, 22, 6309, 'KAB. TABALONG'),
(317, 22, 6310, 'KAB. TANAH BAMBU'),
(318, 22, 6311, 'KAB. BALANGAN'),
(319, 22, 6371, 'KOTA BANJARMASIN'),
(320, 22, 6372, 'KOTA BANJARBARU'),
(321, 23, 6401, 'KAB. PASIR'),
(322, 23, 6402, 'KAB. KUTAI KERTANEGARA'),
(323, 23, 6403, 'KAB. BERAU'),
(324, 23, 6404, 'KAB. BULUNGAN'),
(325, 23, 6405, 'KAB. NUNUKAN'),
(326, 23, 6406, 'KAB. MALINAU'),
(327, 23, 6407, 'KAB. KUTAI BARAT'),
(328, 23, 6408, 'KAB. KUTAI TIMUR'),
(329, 23, 6409, 'KAB. PENAJAM PASER UTARA'),
(330, 23, 6471, 'KOTA BALIKPAPAN'),
(331, 23, 6472, 'KOTA SAMARINDA'),
(332, 23, 6473, 'KOTA TARAKAN'),
(333, 23, 6474, 'KOTA BONTANG'),
(334, 24, 7101, 'KAB. BOLAANG MANGONDOW'),
(335, 24, 7102, 'KAB. MINAHASA'),
(336, 24, 7103, 'KAB. KEPULAUAN SANGIHE'),
(337, 24, 7104, 'KAB. KEPULAUAN TALAUD'),
(338, 24, 7105, 'KAB. MINAHASA SELATAN'),
(339, 24, 7106, 'KAB. MINAHASA UTARA'),
(340, 24, 7171, 'KOTA MANADO'),
(341, 24, 7172, 'KOTA BITUNG'),
(342, 24, 7173, 'KOTA TOMOHON'),
(343, 25, 7201, 'KAB. BANGGAI'),
(344, 25, 7202, 'KAB. POSO'),
(345, 25, 7203, 'KAB. DONGGALA'),
(346, 25, 7204, 'KAB. TOLOI TOLI'),
(347, 25, 7205, 'KAB. BUOL'),
(348, 25, 7206, 'KAB. MOROWALI'),
(349, 25, 7207, 'KAB. BANGGAI KEPULAUAN'),
(350, 25, 7208, 'KAB. PARIGI MOUTONG'),
(351, 25, 7209, 'KAB. TOJO UNA UNA'),
(352, 25, 7271, 'KOTA PALU'),
(353, 26, 7301, 'KAB. SELAYAR'),
(354, 26, 7302, 'KAB. BULUKUMBA'),
(355, 26, 7303, 'KAB. BANTAENG'),
(356, 26, 7304, 'KAB. JENEPONTO'),
(357, 26, 7305, 'KAB. TAKALAR'),
(358, 26, 7306, 'KAB. GOWA'),
(359, 26, 7307, 'KAB. SINJAI'),
(360, 26, 7308, 'KAB. BONE'),
(361, 26, 7309, 'KAB. MAROS'),
(362, 26, 7310, 'KAB. PANGKAJENE'),
(363, 26, 7311, 'KAB. BARRU'),
(364, 26, 7312, 'KAB. SOPPENG'),
(365, 26, 7313, 'KAB. WAJO'),
(366, 26, 7314, 'KAB. SIDENRENG RAPANG'),
(367, 26, 7315, 'KAB. PINRANG'),
(368, 26, 7316, 'KAB. ENREKANG'),
(369, 26, 7317, 'KAB. LUWU'),
(370, 26, 7318, 'KAB. TANA TORAJA'),
(371, 26, 7322, 'KAB. LUWU UTARA'),
(372, 26, 7324, 'KAB. LUWU TIMUR'),
(373, 26, 7371, 'KOTA MAKASAR'),
(374, 26, 7372, 'KOTA PARE PARE'),
(375, 26, 7373, 'KOTA PALOPO'),
(376, 27, 7401, 'KAB. KOLAKA'),
(377, 27, 7402, 'KAB. KONAWE'),
(378, 27, 7403, 'KAB. MUNA'),
(379, 27, 7404, 'KAB. BUTON'),
(380, 27, 7405, 'KAB. KONAWE SELATAN'),
(381, 27, 7406, 'KAB. BOMBANA'),
(382, 27, 7407, 'KAB. WAKATOBI'),
(383, 27, 7408, 'KAB. KOLAKA UTARA'),
(384, 27, 7471, 'KOTA KENDARI'),
(385, 27, 7472, 'KOTA BAU BAU'),
(386, 28, 7501, 'KAB. GORONTALO'),
(387, 28, 7502, 'KAB. BOALEMO'),
(388, 28, 7503, 'KAB. BONE BOLANGO'),
(389, 28, 7504, 'KAB. PAHUWATO'),
(390, 28, 7571, 'KOTA GORONTALO'),
(391, 29, 7601, 'KAB. MAMUJU UTARA'),
(392, 29, 7602, 'KAB. MAMUJU'),
(393, 29, 7603, 'KAB. MAMASA'),
(394, 29, 7604, 'KAB. POLOWALI MAMASA'),
(395, 29, 7605, 'KAB. MAJENE'),
(396, 30, 8101, 'KAB. MALUKU TENGAH'),
(397, 30, 8102, 'KAB. MALUKU TENGGARA'),
(398, 30, 8103, 'KAB. MALUKU TENGGARA BRT'),
(399, 30, 8104, 'KAB. BURU'),
(400, 30, 8105, 'KAB. SERAM BAGIAN TIMUR'),
(401, 30, 8106, 'KAB. SERAM BAGIAN BARAT'),
(402, 30, 8107, 'KAB. KEPULAUAN ARU'),
(403, 30, 8171, 'KOTA AMBON'),
(404, 31, 8201, 'KAB. HALMAHERA BARAT'),
(405, 31, 8202, 'KAB. HALMAHERA TENGAH'),
(406, 31, 8203, 'KAB. HALMAHERA UTARA'),
(407, 31, 8204, 'KAB. HALMAHERA SELATAN'),
(408, 31, 8205, 'KAB. KEPULAUAN SULA'),
(409, 31, 8206, 'KAB. HALMAHERA TIMUR'),
(410, 31, 8271, 'KOTA TERNATE'),
(411, 31, 8272, 'KOTA TIDORE KEPULAUAN'),
(412, 32, 9101, 'KAB. MERAUKE'),
(413, 32, 9102, 'KAB. JAYAWIJAYA'),
(414, 32, 9103, 'KAB. JAYAPURA'),
(415, 32, 9104, 'KAB. NABIRE'),
(416, 32, 9105, 'KAB. YAPEN WAROPEN'),
(417, 32, 9106, 'KAB. BIAK NUMFOR'),
(418, 32, 9107, 'KAB. PUNCAK JAYA'),
(419, 32, 9108, 'KAB. PANIAI'),
(420, 32, 9109, 'KAB. MIMIKA'),
(421, 32, 9110, 'KAB. SARMI'),
(422, 32, 9111, 'KAB. KEEROM'),
(423, 32, 9112, 'KAB. PEGUNUNGAN BINTANG'),
(424, 32, 9113, 'KAB. YAHUKIMO'),
(425, 32, 9114, 'KAB. TOLIKARA'),
(426, 32, 9115, 'KAB. WAROPEN'),
(427, 32, 9116, 'KAB. BOVEN DIGOEL'),
(428, 32, 9117, 'KABUPATEN. MAPPI'),
(429, 32, 9118, 'KAB. ASMAT'),
(430, 32, 9121, 'KAB. SUPIORI'),
(431, 32, 9171, 'KOTA JAYAPURA'),
(432, 33, 9201, 'KAB. SORONG'),
(433, 33, 9202, 'KAB. MANOKWARI'),
(434, 33, 9203, 'KAB. FAK FAK'),
(435, 33, 9204, 'KAB. SORONG SELATAN'),
(436, 33, 9205, 'KAB. RAJA AMPAT'),
(437, 33, 9206, 'KAB. TELUK BENTUNI'),
(438, 33, 9207, 'KAB. TELUK WONDAMA'),
(439, 33, 9208, 'KAB. KAIMA'),
(440, 33, 9209, 'KOTA SORONG');

-- --------------------------------------------------------

--
-- Table structure for table `tbl_level`
--

CREATE TABLE IF NOT EXISTS `tbl_level` (
  `id_level` int(11) NOT NULL AUTO_INCREMENT,
  `nama_level` varchar(45) DEFAULT NULL,
  `keterangan` varchar(100) DEFAULT NULL,
  PRIMARY KEY (`id_level`)
) ENGINE=InnoDB  DEFAULT CHARSET=latin1 AUTO_INCREMENT=7 ;

--
-- Dumping data for table `tbl_level`
--

INSERT INTO `tbl_level` (`id_level`, `nama_level`, `keterangan`) VALUES
(1, 'Super Admin', 'This access can execute and view all data'),
(2, 'Administrator', 'This access can execute and view all data except adding and remove category.'),
(3, 'Sales', 'This access only can view data of merchants and transaction. There is no priviledge for curation.'),
(4, 'Accounting', 'This access can do merchant settlement, financial reporting, view transaction and revenue.'),
(5, 'Customer Service', 'This access can only view.'),
(6, 'Member', 'This access can buy and sell product.');

-- --------------------------------------------------------

--
-- Table structure for table `tbl_love`
--

CREATE TABLE IF NOT EXISTS `tbl_love` (
  `id_produk` int(11) NOT NULL,
  `id_user` int(11) NOT NULL,
  `date_added` timestamp NOT NULL DEFAULT CURRENT_TIMESTAMP ON UPDATE CURRENT_TIMESTAMP,
  KEY `FK_tbl_love_tbl_produk` (`id_produk`),
  KEY `FK_tbl_love_tbl_user` (`id_user`)
) ENGINE=InnoDB DEFAULT CHARSET=latin1;

--
-- Dumping data for table `tbl_love`
--

INSERT INTO `tbl_love` (`id_produk`, `id_user`, `date_added`) VALUES
(44, 1, '2014-04-30 02:21:53'),
(44, 11, '2014-04-30 02:48:52');

-- --------------------------------------------------------

--
-- Table structure for table `tbl_ongkir`
--

CREATE TABLE IF NOT EXISTS `tbl_ongkir` (
  `id_ongkir` int(11) NOT NULL AUTO_INCREMENT,
  `id_kota_from` int(11) DEFAULT NULL,
  `id_kota_to` int(11) DEFAULT NULL,
  `harga` int(11) DEFAULT NULL,
  `id_ekspedisi` int(11) DEFAULT NULL,
  PRIMARY KEY (`id_ongkir`),
  KEY `fk_tbl_ongkir_tbl_ekspedisi1_idx` (`id_ekspedisi`),
  KEY `fk_tbl_ongkir_tbl_kota1_idx` (`id_kota_from`),
  KEY `fk_tbl_ongkir_tbl_kota2_idx` (`id_kota_to`)
) ENGINE=InnoDB DEFAULT CHARSET=latin1 AUTO_INCREMENT=1 ;

-- --------------------------------------------------------

--
-- Table structure for table `tbl_order`
--

CREATE TABLE IF NOT EXISTS `tbl_order` (
  `id_order` int(11) NOT NULL AUTO_INCREMENT,
  `kode_order` varchar(45) DEFAULT NULL,
  `total` int(11) DEFAULT NULL,
  `id_user` int(11) NOT NULL,
  `id_payment` int(11) NOT NULL,
  `id_ongkir` int(11) DEFAULT NULL,
  `ongkir_sementara` int(11) DEFAULT NULL,
  `keterangan` varchar(255) DEFAULT NULL,
  `status_payment` varchar(45) DEFAULT NULL,
  `status_delivery` varchar(45) DEFAULT NULL,
  `date_added` timestamp NULL DEFAULT NULL,
  `date_modified` timestamp NULL DEFAULT NULL,
  PRIMARY KEY (`id_order`),
  KEY `fk_tbl_order_tbl_ongkir1_idx` (`id_ongkir`),
  KEY `fk_tbl_order_tbl_payment1_idx` (`id_payment`),
  KEY `fk_tbl_order_tbl_user1_idx` (`id_user`)
) ENGINE=InnoDB  DEFAULT CHARSET=latin1 AUTO_INCREMENT=9 ;

--
-- Dumping data for table `tbl_order`
--

INSERT INTO `tbl_order` (`id_order`, `kode_order`, `total`, `id_user`, `id_payment`, `id_ongkir`, `ongkir_sementara`, `keterangan`, `status_payment`, `status_delivery`, `date_added`, `date_modified`) VALUES
(4, 'MEM140429-0002', 4200000, 15, 1, NULL, 34000, '', 'waiting', 'not yet', '2014-04-28 19:37:50', '2014-04-28 19:37:50'),
(5, 'MEM140429-0002', 4200000, 15, 1, NULL, 34000, '', 'waiting', 'not yet', '2014-04-28 19:44:54', '2014-04-28 19:44:54'),
(6, 'MEM140429-0003', 6300000, 15, 1, NULL, 34000, 'keterangan', 'waiting', 'not yet', '2014-04-28 21:05:06', '2014-04-28 21:05:06'),
(7, 'MEM140429-0004', 24000, 15, 1, NULL, 17000, 'sdfasdfasdf', 'waiting', 'not yet', '2014-04-28 21:07:43', '2014-04-28 21:07:43'),
(8, 'MEM140430-0001', 4230000, 15, 1, NULL, 34000, '', 'waiting', 'not yet', '2014-04-29 22:57:04', '2014-04-29 22:57:04');

-- --------------------------------------------------------

--
-- Table structure for table `tbl_orderitem`
--

CREATE TABLE IF NOT EXISTS `tbl_orderitem` (
  `id_orderItem` int(11) NOT NULL AUTO_INCREMENT,
  `id_order` int(11) NOT NULL,
  `id_produk` int(11) NOT NULL,
  `harga` int(11) DEFAULT NULL,
  `diskon` int(11) DEFAULT NULL,
  `jml_produk` int(11) DEFAULT NULL,
  `total` int(11) DEFAULT NULL,
  `date_added` timestamp NULL DEFAULT NULL,
  `date_modified` timestamp NULL DEFAULT NULL,
  PRIMARY KEY (`id_orderItem`),
  KEY `fk_tbl_orderItem_tbl_order1_idx` (`id_order`)
) ENGINE=InnoDB  DEFAULT CHARSET=latin1 AUTO_INCREMENT=8 ;

--
-- Dumping data for table `tbl_orderitem`
--

INSERT INTO `tbl_orderitem` (`id_orderItem`, `id_order`, `id_produk`, `harga`, `diskon`, `jml_produk`, `total`, `date_added`, `date_modified`) VALUES
(2, 4, 41, 2100000, 0, 2, 4200000, '2014-04-28 19:37:50', '2014-04-28 19:37:50'),
(3, 5, 41, 2100000, 0, 2, 4200000, '2014-04-28 19:44:54', '2014-04-28 19:44:54'),
(4, 6, 41, 2100000, 0, 3, 6300000, '2014-04-28 21:05:06', '2014-04-28 21:05:06'),
(5, 7, 40, 12000, 0, 2, 24000, '2014-04-28 21:07:43', '2014-04-28 21:07:43'),
(6, 8, 38, 15000, 0, 2, 30000, '2014-04-29 22:57:04', '2014-04-29 22:57:04'),
(7, 8, 41, 2100000, 0, 2, 4200000, '2014-04-29 22:57:04', '2014-04-29 22:57:04');

-- --------------------------------------------------------

--
-- Table structure for table `tbl_ordershipping`
--

CREATE TABLE IF NOT EXISTS `tbl_ordershipping` (
  `id_orderShipping` int(11) NOT NULL AUTO_INCREMENT,
  `nama` varchar(45) NOT NULL,
  `alamat` varchar(100) NOT NULL,
  `telpon` varchar(50) NOT NULL,
  `email` varchar(45) NOT NULL,
  `id_provinsi` int(11) NOT NULL,
  `id_kota` int(11) NOT NULL,
  `date_added` timestamp NOT NULL DEFAULT CURRENT_TIMESTAMP ON UPDATE CURRENT_TIMESTAMP,
  `date_modified` timestamp NOT NULL DEFAULT '0000-00-00 00:00:00',
  `id_order` int(11) NOT NULL,
  PRIMARY KEY (`id_orderShipping`)
) ENGINE=InnoDB  DEFAULT CHARSET=latin1 AUTO_INCREMENT=7 ;

--
-- Dumping data for table `tbl_ordershipping`
--

INSERT INTO `tbl_ordershipping` (`id_orderShipping`, `nama`, `alamat`, `telpon`, `email`, `id_provinsi`, `id_kota`, `date_added`, `date_modified`, `id_order`) VALUES
(2, 'member cipika', 'jl semolo waru elok blok j3', '2147483647', 'member@mail.com', 15, 240, '2014-04-28 19:37:50', '2014-04-28 19:37:50', 4),
(3, 'member cipika', 'jl semolo waru elok blok j3', '2147483647', 'member@mail.com', 15, 240, '2014-04-28 19:44:54', '2014-04-28 19:44:54', 5),
(4, 'member cipika', 'jl semolo waru elok blok j3', '2147483647', 'member@mail.com', 15, 240, '2014-04-28 21:05:06', '2014-04-28 21:05:06', 6),
(5, 'member cipika', 'jl semolo waru elok blok j3', '085712345674', 'member@mail.com', 15, 240, '2014-04-28 21:07:43', '2014-04-28 21:07:43', 7),
(6, 'member cipika', 'jl semolo waru elok blok j3', '085712345674', 'member@mail.com', 15, 240, '2014-04-29 22:57:04', '2014-04-29 22:57:04', 8);

-- --------------------------------------------------------

--
-- Table structure for table `tbl_page`
--

CREATE TABLE IF NOT EXISTS `tbl_page` (
  `id_page` int(11) NOT NULL AUTO_INCREMENT,
  `title` varchar(100) DEFAULT NULL,
  `content` text,
  `publish` tinyint(1) DEFAULT '1',
  `date_added` timestamp NULL DEFAULT NULL,
  `date_modified` timestamp NULL DEFAULT NULL,
  `sorting` int(2) NOT NULL,
  PRIMARY KEY (`id_page`)
) ENGINE=InnoDB  DEFAULT CHARSET=latin1 AUTO_INCREMENT=7 ;

--
-- Dumping data for table `tbl_page`
--

INSERT INTO `tbl_page` (`id_page`, `title`, `content`, `publish`, `date_added`, `date_modified`, `sorting`) VALUES
(1, 'Tentang Kami', '<div>\r\n<div>\r\n<div>Selamat datang di Cipika Store, E-Marketplace yang menghadirkan kemudahan berbelanja online. Diluncurkan pertama kali di Jakarta pada tanggal, 15 Maret 2014 dengan dukungan penuh <strong>PT Indosat Tbk</strong>, Cipika Store memberikan komitmen kuat menghadirkan pelayanan premium dan pilihan produk berkualitas.</div>\r\n<div>Cipika Store menjembatani kebutuhan pelaku usaha di Indonesia untuk memperluas cakupan pasar melalui media online, dengan penyelenggaraan beragam fasilitas dan kegiatan seperti : Integrated Shipping &amp; Tracking, secure Online Payment, Seminar dan Pelatihan, Marketing Campaign, hingga pendampingan Merchant oleh tim Sales.</div>\r\n<div>Sementara bagi pelanggan, Cipika Store memastikan nuansa dan pengalaman belanja yang berbeda. Harga bersaing, Merchant yang terpercaya, produk berkualitas, hingga layanan Customer Care 24 jam.</div>\r\n<div><strong> Cipika Store, Semuanya Menjadi Mudah... &nbsp; &nbsp; &nbsp; &nbsp; &nbsp; &nbsp; &nbsp; &nbsp; &nbsp; &nbsp;&nbsp;</strong></div>\r\n</div>\r\n</div>', 1, '2014-04-19 18:15:05', '2014-04-19 18:15:07', 1),
(2, 'Tips Pembayaran Aman', '<div>Metode pembayaran modern yang berkembang dewasa ini, mempunyai peranan penting dalam memberikan banyak kemudahan penyelenggaraan transaksi online. Pilihan metode pembayaran yang disediakan pun sangat variatif, seperti E-Banking, Transfer Bank, Kartu Kredit, dan Kartu Debit.</div>\r\n<div>Metode pembayaran modern juga semakin lengkap dengan kehadiran Uang Elektronik atau E-Money/E-Wallet. yaitu alat pembayaran prabayar berbentuk Chip (kartu) atau Server dengan nilai saldo tertentu, yang dapat digunakan untuk berbagai keperluan transaksi. E-Money/E-Wallet berbeda dengan APMK (Alat Pembayaran Menggunakan Kartu) misal: ATM. E-Money/E-Wallet tidak mempunyai masa berlaku, dapat digunakan hingga mencapai nol rupiah (Rp 0,-) serta dapat diisi ulang melalui ATM ataupun Sales Point yang menyediakan layanan isi ulang E-Money/E-Wallet. Beberapa keuntungan menggunakan E-Money/E-Wallet adalah:</div>\r\n<div><ol type="number">\r\n<li>Dapat digunakan sebagai media pembayaran online &amp; offline di Merchant yang menerima pembayaran E-Money/E-Wallet</li>\r\n<li>Bersifat prabayar, sehingga Anda dapat mengatur besar saldo E-Money/E-Wallet. Apalagi tidak ada batas minimal pengisian ulang</li>\r\n</ol></div>\r\n<div>Seluruh metode pembayaran tersebut perlu didukung system keamanan yang memadai. Penerapannya sangat bergantung pada kebijakan penyelenggara e-commerce atau toko online yang Anda kunjungi. Sehingga, kejelian Anda dalam memilih e-commerce atau situs jual beli online sebelum berbelanja sangatlah penting.</div>\r\n<div>Perlu Anda sadari pula, tindakan pencegahan terhadap kejahatan harus berjalan dari 2 (dua) arah. Hal ini berlaku untuk transaksi offline maupun online. Hal-hal apa saja yang harus Anda perhatikan guna menciptakan system pembayaran yang aman? Simak Tips Pembayaran Aman dari Cipika Store untuk Anda berikut ini</div>\r\n<div><ol type="number">\r\n<li>Jangan memberikan informasi password atau kode financial lain (VVC, PIN) diluar halaman e-commerce atau situs jual beli online.</li>\r\n<li>Simpan bukti pembayaran dengan baik</li>\r\n<li>Hindari pembayaran ke rekening pribadi/personal. Pilih e-commerce yang dilengkapi Virtual Account (Van ID) dalam penyelenggaraan metode pembayaran transfer bank. Sebab, Virtual Account merupakan nomor rekening yang bersifat unik, dengan system keamanan dan proses enkripsi data. Dengan Virtual Account, setiap transaksi mempunyai nomor rekening yang berbeda sehingga system verifikasi dan validasi berjalan secara sistematis, cepat dan akurat.</li>\r\n<li>Gunakan E-wallet dan E-money yang dilengkapi SSL Security.</li>\r\n<li>Minimalisir penggunaan kartu debit dan pergunakan kartu kredit dengan bijak untuk transaksi online</li>\r\n<li>Setelah transaksi selesai, segera hapus history dalam browser yang Anda gunakan</li>\r\n<li>Jangan tinggalkan computer/laptop/gadget yang sedang Anda gunakan untuk berbelanja online tanpa pengawasan. Segera matikan atau putuskan koneksi internet Anda untuk mengantisipasi aktivitas Malware.</li>\r\n<li>Lengkapi computer/laptop/gadget Anda dengan software pengaman, seperti antivirus, spyware dan firewall</li>\r\n</ol></div>\r\n<div>Setelah menyimak beberapa tips di atas, Anda tentu semakin mantab dan yakin berbelanja di Cipika Store bukan? Sebab, metode pembayaran yang disediakan Cipika Store sudah dilengkapi dengan system enkripsi data dan keamanan yang handal, khusus bagi Anda Member Setia Cipika Store. Metode pembayaran tersebut antara lain:</div>\r\n<div><ol type="number">\r\n<li>Transfer Bank yang dilengkapi dengan Virtual Account (VAN ID)</li>\r\n<li>Kartu Kredit</li>\r\n<li>Dompetku</li>\r\n</ol></div>\r\n<div>Demikian Tips Pembayaran Aman dari Cipika Store, semoga bermanfaat bagi Anda.\r\n<div><strong> Cipika Store, Semuanya Menjadi Mudah... &nbsp; &nbsp; &nbsp; &nbsp; &nbsp; &nbsp; &nbsp; &nbsp; &nbsp; &nbsp; &nbsp; &nbsp;&nbsp;</strong></div>\r\n</div>', 1, '2014-04-19 13:17:53', '2014-04-19 13:17:53', 2),
(3, 'Tips Belanja Nyaman & Aman', '<div align="center"><img src="http://stage.market.cpk.getshoop.com/img/ATT00004.jpg" alt="" /> <img src="http://stage.market.cpk.getshoop.com/img/ATT00005.jpg" alt="" /> <br /><br /> <img src="http://stage.market.cpk.getshoop.com/img/ATT00006.jpg" alt="" /> <img src="http://stage.market.cpk.getshoop.com/img/ATT00007.jpg" alt="" /></div>\r\n<p>&nbsp;</p>\r\n<div>Belanja melalui media online sangat menyenangkan dan memberikan banyak kemudahan. Namun belum semua pengguna internet mau memanfaatkan salah satu fasilitas menguntungkan tersebut. Masih ada kekhawatiran cukup besar terhadap peluang terjadinya penipuan dan pelayanan yang mengecewakan. Apakah Anda termasuk di antaranya? Jika jawaban Anda adalah "Iya", segera tekan kekhawatiran dan tingkatkan kewaspadaan Anda bersama Cipika Store dan manfaatkan berbagai kemudahan belanja online!</div>\r\n<div>Apa saja hal yang harus Anda perhatikan dalam berbelanja online? Simak dan terapkan beberapa tips belanja persembahan Cipika Store <strong><em><a href="http://stage.market.cpk.getshoop.com/page/aman">berikut ini</a></em></strong>. &nbsp; &nbsp; &nbsp; &nbsp; &nbsp; &nbsp; &nbsp; &nbsp;&nbsp;</div>', 1, '2014-04-19 13:18:23', '2014-04-19 13:18:23', 3),
(4, 'Cara Membeli', '<div>&nbsp; &nbsp; &nbsp; &nbsp; &nbsp; &nbsp; &nbsp; &nbsp; &nbsp; &nbsp; &nbsp;Selamat datang di Panduan Cara Berbelanja Nyaman &amp; Aman di Cipika Store! Untuk berbelanja di Cipika Store, silahkan ikuti langkah-langkah berikut ini:</div>\r\n<div><ol type="number">\r\n<li>Untuk memperlancar proses belanja, silahkan masuk menggunakan akun Member Anda dengan menekan tombol SIGN IN<br /> <img src="http://stage.market.cpk.getshoop.com/img/belanja1.jpg" alt="" /></li>\r\n<li>Selanjutnya, Anda dapat menikmati seni berbelanja di Cipika Store yang menawarkan berbagai pilihan produk unik &amp; berkualitas tinggi, yang merupakan karya anak bangsa, yang tersaji dalam kategori-kategori menarik maupun di halaman beranda Cipika Store<br /> <img src="http://stage.market.cpk.getshoop.com/img/belanja2.jpg" alt="" /> <br /> <img src="http://stage.market.cpk.getshoop.com/img/belanja3.jpg" alt="" /></li>\r\n<li>Silahkan pilih produk yang hendak Anda inginkan dengan menekan gambar atau nama produk. Perhatikan detil informasi produk yang ada, minimum pembelian yang ditetapkan Merchant (apabila ada), serta perbesar gambar produk. Tekan Beli untuk memasukan produk ke Keranjang Belanja. <img src="http://stage.market.cpk.getshoop.com/img/belanja4.jpg" alt="" width="675" height="241" /></li>\r\n<li>Setelah dirasa cukup, silahkan buka Keranjang Belanja dan cek sekali lagi. Untuk menambahkan jumlah pembelian pada suatu produk, silahkan perbarui jumlah di kolom yang tersedia. Kemudian tekan Perbarui Cart.<br /> <img src="http://stage.market.cpk.getshoop.com/img/belanja5.jpg" alt="" /></li>\r\n<li>Tekan Menuju Kasir untuk melanjutkan, kemudian tentukan data penagihan dan pengiriman dengan baik dan benar. Tentukan metode pembayaran dengan memilih salah satu metode pembayaran yang tersedia. Misal: Transfer Bank.<br /> <img src="http://stage.market.cpk.getshoop.com/img/belanja6.jpg" alt="" /></li>\r\n<li>Lanjutkan dengan mengisi data pengiriman produk. Pastikan Anda sudah mengisi kolom data yang bersifat wajib/mandatory. Jika data pengiriman berbeda dari data penagihan, pilih Tidak dan isikan data pengiriman sesuai keinginan Anda.<br /> <img src="http://stage.market.cpk.getshoop.com/img/belanja7.jpg" alt="" width="637" height="292" /></li>\r\n<li>Pilih metode pengiriman yang paling tepat. Sesuaikan dengan karakter dan jenis produk yang telah Anda miliki dalam Keranjang Belanja.<br /> <img src="http://stage.market.cpk.getshoop.com/img/belanja8.jpg" alt="" /></li>\r\n<li>Cek kembali rincian belanja Anda, catat dengan baik Virtual Account atau rekening pembayaran yang tertera dalam Invoice Pembelian Anda.<br /> <img src="http://stage.market.cpk.getshoop.com/img/belanja9.jpg" alt="" /></li>\r\n<li>Lakukan pembayaran dalam 3x24 jam sejak invoice Anda terima. Apapun metode pembayaran yang Anda pilih, Cipika Store secara otomatis melakukan identifikasi, verifikasi dan validasi secara cepat dan tepat. Sebagai informasi, demi keamanan dan kenyaman semua pihak, apabila dalam waktu 3x24 jam Anda tidak melakukan pembayaran, transaksi tidak diproses lebih lanjut. Anda harus mengulang transaksi dari awal dan melakukan pembayaran tepat waktu, apabila menghendaki produk dikirimkan.</li>\r\n<li>Langkah terakhir, simpan bukti pembayaran Anda dan tunggu produk yang dikirim oleh Merchant Cipika Store sampai ke alamat pengiriman.</li>\r\n</ol></div>\r\n<p>&nbsp;</p>\r\n<div>Terima kasih telah berbelanja di Cipika Store. Untuk informasi, silahkan hubungi e-care.store@cipika.co.id. Cipika Store selalu siap memberikan pelayanan terbaik bagi Anda.</div>\r\n<p>&nbsp;</p>\r\n<div>Demikian Tips Pembayaran Aman dari Cipika Store, semoga bermanfaat bagi Anda.\r\n<div><strong> Cipika Store, Semuanya Menjadi Mudah... &nbsp; &nbsp; &nbsp; &nbsp; &nbsp; &nbsp; &nbsp; &nbsp; &nbsp; &nbsp; &nbsp; &nbsp;&nbsp;</strong></div>\r\n</div>', 1, '2014-04-19 13:19:58', '2014-04-19 13:19:58', 4),
(5, 'Cara Bergabung', '<div>Selamat datang di Panduan Cara Bergabung Sebagai Member CipikaStore! CipikaStore telah menyiapkan 4 (empat) langkah mudah bergabung sebagai Member, khusus untuk Anda! Silahkan ikuti langkah-langkah berikut ini:</div>\r\n<div><ol type="number">\r\n<li><strong> Mulai Pendaftaran </strong> <br /> Kunjungi www.store.cipika.co.id, tekan tombol Daftar di bagian atas beranda CipikaStore.<br /> <img src="http://stage.market.cpk.getshoop.com/img/daftar1.jpg" alt="" /></li>\r\n<li><strong> Pengisian Formulir Pendaftaran </strong> <br /> Isikan formulir pendaftaran yang tersedia. Anda cukup memberikan informasi alamat email yang masih aktif dengan domain apapun, mengisi password sesuai keinginan dan mengetik kode captcha yang tertera. Untuk mengetahui ketentuan-ketentuan yang berlaku di Cipika Store, Silahkan kunjungi link yang tersedia. Atau gunakan akun social media Anda (Twitter, Facebook, Yahoo!, dan Google) untuk menjadi Member CipikaStore. <br /> <img src="http://stage.market.cpk.getshoop.com/img/daftar2.jpg" alt="" /></li>\r\n<li><strong> Verifikasi Email </strong> <br /> Setelah pengisian formulir pendaftaran selesai, segera buka email Anda seperti biasa. Cek email yang dikirimkan oleh CipikaStore dan ikuti petunjuk verifikasi yang ada didalamnya. Apabila email tersebut tidak Anda temukan dalam folder Inbox, silahkan cek folder Spam atau Bulk Anda. <br /> <img src="http://stage.market.cpk.getshoop.com/img/daftar3.jpg" alt="" /> <br /> <img src="http://stage.market.cpk.getshoop.com/img/daftar4.jpg" alt="" width="691" height="348" /></li>\r\n<li><strong> Melengkapi Data Diri </strong> <br /> Lengkapi kembali data diri dengan baik dan benar, kemudian simpan. Selamat, Anda telah menjadi Member CipikaStore! <br /> <img src="http://stage.market.cpk.getshoop.com/img/daftar5.jpg" alt="" /></li>\r\n</ol></div>\r\n<p>&nbsp;</p>\r\n<div>Demikian Tips Pembayaran Aman dari Cipika Store, semoga bermanfaat bagi Anda.\r\n<div><strong> CipikaStore,Semuanya Menjadi Mudah &nbsp; &nbsp; &nbsp; &nbsp; &nbsp; &nbsp; &nbsp; &nbsp; &nbsp; &nbsp; &nbsp; &nbsp;&nbsp;</strong></div>\r\n</div>', 1, '2014-04-19 13:20:46', '2014-04-19 13:20:46', 5),
(6, 'Kebijakan Privasi', '<p>Cipika Store merupakan situs e-commerce yang telah syah secara hukum, tidak terbatas pada nama dan logo saja, melainkan juga desain, tampilan, konsep bisnis dan sebagainya. Segala tindak penyalahgunaan wewenang, pelanggaran hak cipta Cipika Store, dan tindakan lain yang mengatasnamakan Cipika Store untuk keperluan pribadi dan/atau kelompok tanpa ijin Cipika Store, merupakan pelanggaran yang dapat diproses secara hukum dan bukan menjadi tanggung jawab Cipika Store</p>\r\n<div>Sejalan dengan itu, Cipika Store sangat menghargai privasi dan menjunjung tinggi kepercayaan Anda untuk bergabung dan memberikan beberapa informasi pribadi seperti : Nama, Alamat Lengkap, Nomor Telepon/Seluler, Alamat Email, dan sebagainya). Penyampaian Kebijakan Privasi ini merupakan langkah awal Cipika Store mewujudkan komitmen terhadap Anda, sesuai peraturan yang terangkum dalam Undang-Undang ITE tentang Kebijakan Privasi.\r\n<div>Mengenai Isi dalam Kebijakan Privasi ini, Cipika Store dapat melakukan perubahan-perubahan yang dinilai perlu, tanpa pemberitahuan khusus, dan dituangkan kembali di halaman Kebijakan Privasi ini.\r\n<div><strong> Cara Pengumpulan Data dan Informasi </strong><br /> Cipika Store mengumpulkan data dan informasi Anda melalui beberapa cara, diantaranya:<ol type="number">\r\n<li>Pendaftaran/Registrasi<br /> Setiap kegiatan Anda di Cipika Store yang membutuhkan pengisian data diri melalui proses pendaftaran. Proses pengisian data diri tersebut dilakukan atas kesadaran Anda dan tanpa paksaaan.</li>\r\n<li>Cookies<br /> Cookies merupakan serangkaian data digital yang dihasilkan oleh Cipika Store dan disimpan oleh Web Browser yang Anda gunakan. Selain dapat mengingat beberapa data yang pernah Anda berikan kepada Cipika Store, Cookies akan terus muncul sebagai reminder saat Anda berkunjung ke situs-situs lain. Tujuannya adalah memberikan kemudahan bagi Anda untuk mengunjungi kembali Cipika Store atau sebagian dari Cipika Store yang dinilai menarik bagi Anda. Pengiriman Cookies ke Komputer/Laptop Anda dilakukan atas persetujuan Anda dengan mendeteksi pengaturan Web Browser. Apabila Anda tidak menghendaki adanya Cookies, Anda dapat melakukan perubahan pengaturan Web Browser.</li>\r\n<li>Kuisioner<br /> Pengisian data dan informasi dalam kuisioner dilakukan atas kesadaran Anda dan tanpa paksaan untuk digunakan sebagaimana mestinya.</li>\r\n</ol><strong> Penggunaan Data dan Informasi </strong><br /> Seluruh data dan informasi yang Anda berikan dan/atau berhasil dikumpulkan oleh Cipika Store atas sepengetahuan Anda, akan digunakan secara positif dan konteks yang mengacu pada Undang-Undang ITE. Antara lain, namun tidak terbatas pada:<ol type="number">\r\n<li>Peningkatan layanan</li>\r\n<li>Pengembangan program dan promo</li>\r\n<li>Penyampaian informasi</li>\r\n<li>Keperluan komunikasi dan pengiriman produk</li>\r\n</ol><strong> Perlindungan Privasi </strong><br /> Bentuk perlindungan Cipika Store terhadap data dan informasi yang menjadi privasi Anda antara lain:<ol type="number">\r\n<li>Tidak Memberikan informasi ke pihak ke 3, kecuali diwajibkan oleh hukum</li>\r\n<li>Memberikan hak kepada Anda untuk memilih dan menentukan kesediaan dalam memberikan informasi pribadi, termasuk penggunaan alamat email untuk pengiriman Newsletter. Jika Anda tidak berkenan menerima Newsletter, maka Anda tidak perlu menerima opsi Newsletter yang tersedia di formulir pendaftaran atau bagian lain Cipika Store</li>\r\n</ol>\r\n<div>Tanggungjawab Cipika Store terhadap data &amp; informasi pribadi Anda tidak berlaku apabila terjadi tindakan penyalahgunaan dan pengambilan data yang bukan merupakan kesalahan &amp; kelalaian Cipika Store. Termasuk terhadap segala kegiatan pengumpulan data dan informasi yang dilakukan oleh penyelenggara situs-situs yang dapat Anda temukan dalam bentuk link didalam Cipika Store</div>\r\n<div>Apabila Anda memiliki pertanyaan terkait Kebijakan Privasi, silahkan menghubungi Cipika Store melalui email ke e-care.store@cipika.co.id. &nbsp; &nbsp; &nbsp; &nbsp; &nbsp; &nbsp; &nbsp; &nbsp; &nbsp; &nbsp; &nbsp; &nbsp; &nbsp; &nbsp; &nbsp; &nbsp;&nbsp;</div>\r\n</div>\r\n</div>\r\n</div>', 1, '2014-04-19 13:21:11', '2014-04-19 13:21:11', 6);

-- --------------------------------------------------------

--
-- Table structure for table `tbl_payment`
--

CREATE TABLE IF NOT EXISTS `tbl_payment` (
  `id_payment` int(11) NOT NULL AUTO_INCREMENT,
  `nama_payment` varchar(45) DEFAULT NULL,
  `keterangan` varchar(255) DEFAULT NULL,
  PRIMARY KEY (`id_payment`)
) ENGINE=InnoDB  DEFAULT CHARSET=latin1 AUTO_INCREMENT=4 ;

--
-- Dumping data for table `tbl_payment`
--

INSERT INTO `tbl_payment` (`id_payment`, `nama_payment`, `keterangan`) VALUES
(1, 'Bank Transfer', NULL),
(2, 'Credit Card', NULL),
(3, 'Paypal', NULL);

-- --------------------------------------------------------

--
-- Table structure for table `tbl_produk`
--

CREATE TABLE IF NOT EXISTS `tbl_produk` (
  `id_produk` int(11) NOT NULL AUTO_INCREMENT,
  `nama_produk` varchar(100) NOT NULL DEFAULT 'the product',
  `deskripsi` varchar(255) DEFAULT NULL,
  `stok_produk` int(11) NOT NULL DEFAULT '0',
  `harga_produk` int(11) NOT NULL DEFAULT '0',
  `diskon` int(11) DEFAULT '0',
  `berat` float DEFAULT '0',
  `publish` tinyint(1) DEFAULT '0',
  `nego` tinyint(1) DEFAULT '0',
  `viewed` int(11) NOT NULL DEFAULT '0',
  `loved` int(11) NOT NULL DEFAULT '0',
  `id_kategori` int(11) NOT NULL,
  `id_user` int(11) NOT NULL,
  `id_kota` int(11) DEFAULT NULL,
  `id_tag` int(11) DEFAULT NULL,
  `date_added` timestamp NULL DEFAULT NULL,
  `date_modified` timestamp NULL DEFAULT NULL,
  PRIMARY KEY (`id_produk`),
  KEY `fk_tbl_produk_tbl_store1_idx` (`id_user`)
) ENGINE=InnoDB  DEFAULT CHARSET=utf8 AUTO_INCREMENT=46 ;

--
-- Dumping data for table `tbl_produk`
--

INSERT INTO `tbl_produk` (`id_produk`, `nama_produk`, `deskripsi`, `stok_produk`, `harga_produk`, `diskon`, `berat`, `publish`, `nego`, `viewed`, `loved`, `id_kategori`, `id_user`, `id_kota`, `id_tag`, `date_added`, `date_modified`) VALUES
(28, 'fast food', 'fast food is fast foodfast foodfast foodfast food, fast foodfast foodfast foodfast foodfast foodfast foodfast food. fast foodfast foodfast foodfast foodfast foodfast food', 10, 10000, 0, 0, 1, 0, 0, 0, 9, 1, 240, NULL, '2014-04-24 06:25:15', NULL),
(29, 'kerajinan', 'gerobak bagus gerobak bagusgerobak bagusgerobak bagusgerobak bagusgerobak bagusgerobak bagusgerobak bagusgerobak bagusgerobak bagusgerobak bagusgerobak bagus', 5, 1500000, 0, 0, 1, 0, 0, 0, 15, 1, 240, NULL, '2014-04-24 06:37:02', NULL),
(30, 'bunga wangi', 'bunga wangibunga wangibunga wangibunga wangibunga wangibunga wangibunga wangibunga wangibunga wangibunga wangi', 50, 15000, 0, 0, 1, 0, 0, 0, 15, 1, 240, NULL, '2014-04-24 06:39:25', NULL),
(31, 'kaos sangar', 'kaos sangarkaos sangarkaos sangarkaos sangarkaos sangarkaos sangarkaos sangarkaos sangarkaos sangarkaos sangar', 12, 80000, 0, 0, 1, 0, 0, 0, 18, 1, 240, NULL, '2014-04-24 06:40:39', NULL),
(32, 'jamper kiddrock', 'jamper kiddrockjamper kiddrockjamper kiddrockjamper kiddrockjamper kiddrockjamper kiddrockjamper kiddrockjamper kiddrock', 24, 100000, 0, 0, 1, 0, 0, 0, 18, 1, 240, NULL, '2014-04-24 06:41:32', NULL),
(33, 'celana pensil', 'celana pensilcelana pensilcelana pensilcelana pensilcelana pensilcelana pensilcelana pensilcelana pensilcelana pensilcelana pensilcelana pensil', 12, 150000, 0, 0, 1, 0, 0, 0, 18, 1, 240, NULL, '2014-04-24 06:42:42', NULL),
(34, 'black id', 'black idblack idblack idblack idblack idblack idblack idblack idblack idblack idblack idblack idblack idblack idblack idblack idblack idblack id', 12, 80000, 0, 0, 1, 0, 0, 0, 18, 1, 240, NULL, '2014-04-24 21:10:23', NULL),
(35, 'three second', 'three secondthree secondthree secondthree secondthree secondthree secondthree secondthree secondthree secondthree secondthree secondthree second', 24, 100000, 0, 0, 1, 0, 0, 0, 18, 1, 240, NULL, '2014-04-24 21:11:34', NULL),
(36, 'green light', 'green lightgreen lightgreen lightgreen lightgreen lightgreen lightgreen lightgreen lightgreen lightgreen lightgreen light', 50, 120000, 0, 0, 1, 0, 0, 0, 18, 1, 240, NULL, '2014-04-24 21:12:33', NULL),
(37, 'roti manis', 'roti manisroti manisroti manisroti manisroti manisroti manisroti manisroti manisroti manisroti manisroti manis', 10, 5000, 0, 0, 1, 0, 0, 0, 11, 1, 240, NULL, '2014-04-24 21:15:53', NULL),
(38, 'burger', 'burgerburgerburgerburgerburgerburgerburgerburgerburgerburger', 15, 15000, 0, 0, 1, 0, 0, 0, 9, 1, 240, NULL, '2014-04-24 21:16:33', NULL),
(39, 'pizza hot', 'pizza hotpizza hotpizza hotpizza hotpizza hotpizza hotpizza hotpizza hotpizza hotpizza hotpizza hotpizza hotpizza hot', 20, 15000, 0, 0, 1, 0, 0, 0, 9, 1, 240, NULL, '2014-04-24 21:17:26', NULL),
(40, 'Kebab Super', 'Kebab SuperKebab SuperKebab SuperKebab SuperKebab SuperKebab SuperKebab Super', 12, 12000, 0, 0, 1, 0, 0, 0, 9, 1, 240, NULL, '2014-04-24 21:18:16', NULL),
(44, 'kacang garing', 'kacang garingkacang garingkacang garingkacang garingkacang garingkacang garing', 20, 5000, 10, 0, 1, 0, 0, 0, 11, 18, 240, NULL, '2014-04-28 22:05:16', NULL),
(45, 'kaos bandung', 'kaos bandungkaos bandungkaos bandungkaos bandungkaos bandungkaos bandungkaos bandungkaos bandungkaos bandungkaos bandung', 24, 75000, 10, 0, 1, 0, 0, 0, 18, 25, 240, NULL, '2014-04-29 02:44:50', NULL);

-- --------------------------------------------------------

--
-- Table structure for table `tbl_produkatribut`
--

CREATE TABLE IF NOT EXISTS `tbl_produkatribut` (
  `id_produkDetail` int(11) NOT NULL AUTO_INCREMENT,
  `nama_atribut` varchar(45) DEFAULT NULL,
  `value` varchar(45) DEFAULT NULL,
  `id_produk` int(11) NOT NULL,
  `date_added` timestamp NULL DEFAULT NULL,
  `date_modified` timestamp NULL DEFAULT NULL,
  PRIMARY KEY (`id_produkDetail`),
  KEY `fk_tbl_produkAtribut_tbl_produk1_idx` (`id_produk`)
) ENGINE=InnoDB DEFAULT CHARSET=latin1 AUTO_INCREMENT=1 ;

-- --------------------------------------------------------

--
-- Table structure for table `tbl_produkfoto`
--

CREATE TABLE IF NOT EXISTS `tbl_produkfoto` (
  `id_produkFoto` int(11) NOT NULL AUTO_INCREMENT,
  `id_produk` int(11) NOT NULL,
  `image` varchar(255) DEFAULT NULL,
  `keterangan` varchar(255) DEFAULT NULL,
  `date_added` timestamp NULL DEFAULT NULL,
  `date_modified` timestamp NULL DEFAULT NULL,
  PRIMARY KEY (`id_produkFoto`),
  KEY `fk_tbl_produkFoto_tbl_produk1_idx` (`id_produk`)
) ENGINE=InnoDB  DEFAULT CHARSET=latin1 AUTO_INCREMENT=79 ;

--
-- Dumping data for table `tbl_produkfoto`
--

INSERT INTO `tbl_produkfoto` (`id_produkFoto`, `id_produk`, `image`, `keterangan`, `date_added`, `date_modified`) VALUES
(30, 28, 'http://localhost/git/cipika/asset/upload/p18m9ncbnq1q04ni71ako1pf11c6g9.jpg', NULL, '2014-04-24 06:25:15', '2014-04-24 06:25:15'),
(31, 28, 'http://localhost/git/cipika/asset/upload/p18m9ncbnqdi9fm1qpu251dpga.jpg', NULL, '2014-04-24 06:25:15', '2014-04-24 06:25:15'),
(32, 28, 'http://localhost/git/cipika/asset/upload/p18m9ncbnq8gp3cdhnfbam6qtb.jpg', NULL, '2014-04-24 06:25:15', '2014-04-24 06:25:15'),
(33, 28, 'http://localhost/git/cipika/asset/upload/p18m9ncbnrdf11m721ql6tlve6cc.jpg', NULL, '2014-04-24 06:25:15', '2014-04-24 06:25:15'),
(34, 29, 'http://localhost/git/cipika/asset/upload/p18m9o99at22k13o21g0kurj1o909.jpg', NULL, '2014-04-24 06:37:02', '2014-04-24 06:37:02'),
(35, 30, 'http://localhost/git/cipika/asset/upload/p18m9of8om1ts11vb78baleh1iv29.jpg', NULL, '2014-04-24 06:39:25', '2014-04-24 06:39:25'),
(36, 30, 'http://localhost/git/cipika/asset/upload/p18m9of8onjfgk68s7367ath4a.jpg', NULL, '2014-04-24 06:39:25', '2014-04-24 06:39:25'),
(37, 30, 'http://localhost/git/cipika/asset/upload/p18m9of8oo1hkl1ue51hb31j47rkhb.jpg', NULL, '2014-04-24 06:39:25', '2014-04-24 06:39:25'),
(38, 31, 'http://localhost/git/cipika/asset/upload/p18m9ohuot7ao157g1oubf51q609.JPG', NULL, '2014-04-24 06:40:39', '2014-04-24 06:40:39'),
(39, 31, 'http://localhost/git/cipika/asset/upload/p18m9ohuot1h7bkih1nko1nfc1i3ra.JPG', NULL, '2014-04-24 06:40:39', '2014-04-24 06:40:39'),
(40, 31, 'http://localhost/git/cipika/asset/upload/p18m9ohuou166r9q2m51hnjnu9b.JPG', NULL, '2014-04-24 06:40:39', '2014-04-24 06:40:39'),
(41, 32, 'http://localhost/git/cipika/asset/upload/p18m9ojkmd1libij7h98o761mue9.JPG', NULL, '2014-04-24 06:41:32', '2014-04-24 06:41:32'),
(42, 32, 'http://localhost/git/cipika/asset/upload/p18m9ojkme1jbi1umril42gm96a.JPG', NULL, '2014-04-24 06:41:32', '2014-04-24 06:41:32'),
(43, 33, 'http://localhost/git/cipika/asset/upload/p18m9olngr9kef2j1qpjl137po9.JPG', NULL, '2014-04-24 06:42:42', '2014-04-24 06:42:42'),
(44, 33, 'http://localhost/git/cipika/asset/upload/p18m9olngsste7t22l3hcl1crba.JPG', NULL, '2014-04-24 06:42:42', '2014-04-24 06:42:42'),
(45, 33, 'http://localhost/git/cipika/asset/upload/p18m9olngsqicgp1qr512cs1s8ub.JPG', NULL, '2014-04-24 06:42:42', '2014-04-24 06:42:42'),
(46, 33, 'http://localhost/git/cipika/asset/upload/p18m9olngs70t1t9nugepdd18skc.JPG', NULL, '2014-04-24 06:42:42', '2014-04-24 06:42:42'),
(47, 34, 'http://localhost/cipika/asset/upload/p18mbaah941e11d3p1qsg11sh7g09.JPG', NULL, '2014-04-24 21:10:23', '2014-04-24 21:10:23'),
(48, 34, 'http://localhost/cipika/asset/upload/p18mbaah9510ud1l09gk9s071fcka.JPG', NULL, '2014-04-24 21:10:23', '2014-04-24 21:10:23'),
(49, 34, 'http://localhost/cipika/asset/upload/p18mbaah95hthtfdve91k3a1i4sb.JPG', NULL, '2014-04-24 21:10:23', '2014-04-24 21:10:23'),
(50, 34, 'http://localhost/cipika/asset/upload/p18mbaah961i4o1a7813um29ep49c.JPG', NULL, '2014-04-24 21:10:23', '2014-04-24 21:10:23'),
(51, 35, 'http://localhost/cipika/asset/upload/p18mbac4gb1hhe9fu3k028o7h29.JPG', NULL, '2014-04-24 21:11:34', '2014-04-24 21:11:34'),
(52, 35, 'http://localhost/cipika/asset/upload/p18mbac4gb8mc1iti1nc5kkh1fdka.JPG', NULL, '2014-04-24 21:11:34', '2014-04-24 21:11:34'),
(53, 35, 'http://localhost/cipika/asset/upload/p18mbac4gcasqs1v3871vviotkb.JPG', NULL, '2014-04-24 21:11:34', '2014-04-24 21:11:34'),
(54, 35, 'http://localhost/cipika/asset/upload/p18mbac4gc1ukggttmrp14gs10btc.JPG', NULL, '2014-04-24 21:11:34', '2014-04-24 21:11:34'),
(55, 36, 'http://localhost/cipika/asset/upload/p18mbaefj4eq37n01or5v21mo89.JPG', NULL, '2014-04-24 21:12:33', '2014-04-24 21:12:33'),
(56, 36, 'http://localhost/cipika/asset/upload/p18mbaefj51m5cbfe19cn1sr51cega.JPG', NULL, '2014-04-24 21:12:33', '2014-04-24 21:12:33'),
(57, 36, 'http://localhost/cipika/asset/upload/p18mbaefj616od1kv18esmmhqd1b.JPG', NULL, '2014-04-24 21:12:33', '2014-04-24 21:12:33'),
(58, 36, 'http://localhost/cipika/asset/upload/p18mbaefj63dkel81lbp1icj1a4oc.JPG', NULL, '2014-04-24 21:12:33', '2014-04-24 21:12:33'),
(59, 37, 'http://localhost/cipika/asset/upload/p18mbal1bg1112107a1os07miao19.jpg', NULL, '2014-04-24 21:15:53', '2014-04-24 21:15:53'),
(60, 38, 'http://localhost/cipika/asset/upload/p18mbam0nd1betc3js8cvje1k4j9.jpg', NULL, '2014-04-24 21:16:33', '2014-04-24 21:16:33'),
(61, 39, 'http://localhost/cipika/asset/upload/p18mbanp46l8g1oelud12l5j4k9.jpg', NULL, '2014-04-24 21:17:26', '2014-04-24 21:17:26'),
(62, 40, 'http://localhost/cipika/asset/upload/p18mbap7r91q2qmhm1c4vpe71sl59.jpg', NULL, '2014-04-24 21:18:16', '2014-04-24 21:18:16'),
(73, 44, 'http://localhost/cipika/asset/upload/p18mln05lugn81mf8gnfadif8s9.jpg', NULL, '2014-04-28 22:05:16', '2014-04-28 22:05:16'),
(74, 44, 'http://localhost/cipika/asset/upload/p18mln05lu1tprom4l4jcsuu3ja.jpg', NULL, '2014-04-28 22:05:16', '2014-04-28 22:05:16'),
(75, 45, 'http://localhost/cipika/asset/upload/p18mm70t0e1qsj10q81tvm16hgi5j9.JPG', NULL, '2014-04-29 02:44:50', '2014-04-29 02:44:50'),
(76, 45, 'http://localhost/cipika/asset/upload/p18mm70t0f18ph1i1miqn1p6a1isaa.JPG', NULL, '2014-04-29 02:44:50', '2014-04-29 02:44:50'),
(77, 45, 'http://localhost/cipika/asset/upload/p18mm70t0f1r3kh0k1o72ffubfhb.JPG', NULL, '2014-04-29 02:44:50', '2014-04-29 02:44:50'),
(78, 45, 'http://localhost/cipika/asset/upload/p18mm70t0g15vqfvai0a8ss1lhhc.JPG', NULL, '2014-04-29 02:44:50', '2014-04-29 02:44:50');

-- --------------------------------------------------------

--
-- Table structure for table `tbl_produk_kategori`
--

CREATE TABLE IF NOT EXISTS `tbl_produk_kategori` (
  `id_produk` int(11) NOT NULL,
  `id_kategori` int(11) NOT NULL,
  `date_added` timestamp NOT NULL DEFAULT CURRENT_TIMESTAMP ON UPDATE CURRENT_TIMESTAMP,
  `date_modified` timestamp NOT NULL DEFAULT '0000-00-00 00:00:00',
  KEY `FK_tbl_produk_kategori_tbl_produk` (`id_produk`),
  KEY `FK_tbl_produk_kategori_tbl_kategori` (`id_kategori`)
) ENGINE=InnoDB DEFAULT CHARSET=latin1;

-- --------------------------------------------------------

--
-- Table structure for table `tbl_produk_share`
--

CREATE TABLE IF NOT EXISTS `tbl_produk_share` (
  `id_produk_share` int(11) NOT NULL AUTO_INCREMENT,
  `id_user` int(11) NOT NULL,
  `id_produk` int(11) NOT NULL,
  `fb_url` varchar(255) DEFAULT NULL,
  `tw_url` varchar(255) DEFAULT NULL,
  `time_added` timestamp NULL DEFAULT NULL,
  PRIMARY KEY (`id_produk_share`),
  KEY `FK_tbl_produk_share_tbl_user` (`id_user`)
) ENGINE=InnoDB DEFAULT CHARSET=latin1 AUTO_INCREMENT=1 ;

-- --------------------------------------------------------

--
-- Table structure for table `tbl_produk_tag`
--

CREATE TABLE IF NOT EXISTS `tbl_produk_tag` (
  `id_produk_tag` int(11) NOT NULL AUTO_INCREMENT,
  `id_produk` int(11) DEFAULT NULL,
  `id_tag` int(11) DEFAULT NULL,
  `date_added` timestamp NULL DEFAULT NULL,
  `date_modified` timestamp NULL DEFAULT NULL,
  PRIMARY KEY (`id_produk_tag`),
  KEY `fk_tbl_produk_tag_tbl_tag1_idx` (`id_tag`),
  KEY `fk_tbl_produk_tag_tbl_produk1_idx` (`id_produk`)
) ENGINE=InnoDB  DEFAULT CHARSET=latin1 AUTO_INCREMENT=48 ;

--
-- Dumping data for table `tbl_produk_tag`
--

INSERT INTO `tbl_produk_tag` (`id_produk_tag`, `id_produk`, `id_tag`, `date_added`, `date_modified`) VALUES
(30, 28, 24, '2014-04-24 06:25:15', NULL),
(31, 29, 25, '2014-04-24 06:37:02', NULL),
(32, 30, 26, '2014-04-24 06:39:25', NULL),
(33, 31, 27, '2014-04-24 06:40:39', NULL),
(34, 32, 28, '2014-04-24 06:41:32', NULL),
(35, 33, 29, '2014-04-24 06:42:42', NULL),
(36, 34, 30, '2014-04-24 21:10:23', NULL),
(37, 35, 31, '2014-04-24 21:11:34', NULL),
(38, 36, 32, '2014-04-24 21:12:33', NULL),
(39, 37, 33, '2014-04-24 21:15:53', NULL),
(40, 38, 34, '2014-04-24 21:16:33', NULL),
(41, 39, 35, '2014-04-24 21:17:26', NULL),
(42, 40, 36, '2014-04-24 21:18:16', NULL),
(46, 44, 40, '2014-04-28 22:05:16', NULL),
(47, 45, 41, '2014-04-29 02:44:50', NULL);

-- --------------------------------------------------------

--
-- Table structure for table `tbl_provinsi`
--

CREATE TABLE IF NOT EXISTS `tbl_provinsi` (
  `id_provinsi` int(11) NOT NULL AUTO_INCREMENT,
  `kode_provinsi` smallint(2) DEFAULT NULL,
  `nama_provinsi` varchar(100) DEFAULT NULL,
  PRIMARY KEY (`id_provinsi`),
  UNIQUE KEY `kode_provinsi_UNIQUE` (`kode_provinsi`)
) ENGINE=InnoDB  DEFAULT CHARSET=latin1 AUTO_INCREMENT=34 ;

--
-- Dumping data for table `tbl_provinsi`
--

INSERT INTO `tbl_provinsi` (`id_provinsi`, `kode_provinsi`, `nama_provinsi`) VALUES
(1, 11, 'NANGGROE ACEH DARUSSALAM'),
(2, 12, 'SUMATERA UTARA'),
(3, 13, 'SUMATERA BARAT'),
(4, 14, 'RIAU'),
(5, 15, 'JAMBI'),
(6, 16, 'SUMATERA SELATAN'),
(7, 17, 'BENGKULU'),
(8, 18, 'LAMPUNG'),
(9, 19, 'KEP BANGKA BELITUNG'),
(10, 21, 'KEP RIAU'),
(11, 31, 'DKI JAKARTA'),
(12, 32, 'JAWA BARAT'),
(13, 33, 'JAWA TENGAH'),
(14, 34, 'DI JOGJAKARTA'),
(15, 35, 'JAWA TIMUR'),
(16, 36, 'BANTEN'),
(17, 51, 'BALI'),
(18, 52, 'NUSA TENGGARA BARAT'),
(19, 53, 'NUSA TENGGARA TIMUR'),
(20, 61, 'KALIMANTAN BARAT'),
(21, 62, 'KALIMANTAN TENGAH'),
(22, 63, 'KALIMANTA SELATAN'),
(23, 64, 'KALIMANTAN TIMUR'),
(24, 71, 'SULAWESI UTARA'),
(25, 72, 'SULAWESI TENGAH'),
(26, 73, 'SULAWESI SELATAN'),
(27, 74, 'SULAWESI TENGGARA'),
(28, 75, 'GORONTALO     '),
(29, 76, 'SULAWESI BARAT'),
(30, 81, 'MALUKU'),
(31, 82, 'MALUKU UTARA'),
(32, 91, 'PAPUA'),
(33, 92, 'PAPUA BARAT (PP No 24/2007)');

-- --------------------------------------------------------

--
-- Table structure for table `tbl_status`
--

CREATE TABLE IF NOT EXISTS `tbl_status` (
  `id_status` int(11) NOT NULL AUTO_INCREMENT,
  `nama_status` varchar(45) DEFAULT NULL,
  `keterangan` varchar(100) DEFAULT NULL,
  PRIMARY KEY (`id_status`)
) ENGINE=InnoDB  DEFAULT CHARSET=latin1 AUTO_INCREMENT=5 ;

--
-- Dumping data for table `tbl_status`
--

INSERT INTO `tbl_status` (`id_status`, `nama_status`, `keterangan`) VALUES
(1, 'active', NULL),
(2, 'idle', NULL),
(3, 'banned', NULL),
(4, 'unconfirmed', NULL);

-- --------------------------------------------------------

--
-- Table structure for table `tbl_store`
--

CREATE TABLE IF NOT EXISTS `tbl_store` (
  `id_store` int(11) NOT NULL AUTO_INCREMENT,
  `id_kota` int(11) NOT NULL,
  `id_user` int(11) NOT NULL,
  `nama_store` varchar(25) NOT NULL,
  `deskripsi` varchar(255) DEFAULT NULL,
  `alamat` varchar(100) DEFAULT NULL,
  `telpon` varchar(25) NOT NULL,
  `ym` varchar(45) DEFAULT NULL,
  `fb` varchar(45) DEFAULT NULL,
  `tw` varchar(45) DEFAULT NULL,
  `bb` varchar(45) DEFAULT NULL,
  `wa` varchar(45) DEFAULT NULL,
  `email` varchar(45) DEFAULT NULL,
  `date_added` timestamp NULL DEFAULT NULL,
  `date_modified` timestamp NULL DEFAULT NULL,
  PRIMARY KEY (`id_store`),
  KEY `fk_tbl_store_tbl_kota1_idx` (`id_kota`),
  KEY `fk_tbl_store_tbl_user1_idx` (`id_user`)
) ENGINE=InnoDB DEFAULT CHARSET=utf8 AUTO_INCREMENT=1 ;

-- --------------------------------------------------------

--
-- Table structure for table `tbl_tag`
--

CREATE TABLE IF NOT EXISTS `tbl_tag` (
  `id_tag` int(11) NOT NULL AUTO_INCREMENT,
  `nama_tag` varchar(45) DEFAULT NULL,
  `date_added` timestamp NULL DEFAULT NULL,
  `date_modified` timestamp NULL DEFAULT NULL,
  PRIMARY KEY (`id_tag`)
) ENGINE=InnoDB  DEFAULT CHARSET=latin1 AUTO_INCREMENT=48 ;

--
-- Dumping data for table `tbl_tag`
--

INSERT INTO `tbl_tag` (`id_tag`, `nama_tag`, `date_added`, `date_modified`) VALUES
(9, 'tshirt', '2014-04-22 03:56:01', NULL),
(10, 'tshirt', '2014-04-22 04:05:15', NULL),
(11, 'kebab', '2014-04-22 04:27:27', NULL),
(12, '', '2014-04-22 04:28:26', NULL),
(13, 'roti', '2014-04-22 04:29:00', NULL),
(14, '', '2014-04-22 04:29:33', NULL),
(15, 'makanan', '2014-04-22 04:35:06', NULL),
(16, 'hewan', '2014-04-22 04:36:13', NULL),
(17, '', '2014-04-22 04:36:53', NULL),
(18, '', '2014-04-22 04:38:25', NULL),
(19, 'bunga', '2014-04-22 04:40:27', NULL),
(20, '', '2014-04-22 04:41:21', NULL),
(21, '', '2014-04-22 04:42:28', NULL),
(22, '', '2014-04-22 04:53:04', NULL),
(23, 'food', '2014-04-23 20:11:06', NULL),
(24, 'makanan', '2014-04-24 06:25:15', NULL),
(25, 'gerobak', '2014-04-24 06:37:02', NULL),
(26, 'bunga', '2014-04-24 06:39:25', NULL),
(27, 'kaos', '2014-04-24 06:40:39', NULL),
(28, 'jaket', '2014-04-24 06:41:32', NULL),
(29, 'celana', '2014-04-24 06:42:42', NULL),
(30, 'kaos', '2014-04-24 21:10:23', NULL),
(31, 'kaos', '2014-04-24 21:11:34', NULL),
(32, 'kaos', '2014-04-24 21:12:33', NULL),
(33, 'camilan', '2014-04-24 21:15:53', NULL),
(34, 'burger', '2014-04-24 21:16:33', NULL),
(35, 'pizaa', '2014-04-24 21:17:26', NULL),
(36, 'kebab', '2014-04-24 21:18:16', NULL),
(37, 'kerajinan', '2014-04-25 11:49:27', NULL),
(38, 'kacang', '2014-04-27 11:29:47', NULL),
(39, 'kacang', '2014-04-27 21:59:26', NULL),
(40, 'camilan', '2014-04-28 22:05:16', NULL),
(41, 'bandung', '2014-04-29 02:44:50', NULL),
(42, '', '2014-05-01 02:54:22', NULL),
(43, 'blus eropa', '2014-05-01 08:59:52', NULL),
(44, '', '2014-05-01 11:15:17', NULL),
(45, 'baju', '2014-05-01 11:28:46', NULL),
(46, '', '2014-05-01 11:38:30', NULL),
(47, '', '2014-05-01 11:44:02', NULL);

-- --------------------------------------------------------

--
-- Table structure for table `tbl_user`
--

CREATE TABLE IF NOT EXISTS `tbl_user` (
  `id_user` int(11) NOT NULL AUTO_INCREMENT,
  `ip_address` varchar(15) NOT NULL DEFAULT '0',
  `username` varchar(45) NOT NULL,
  `password` varchar(45) NOT NULL,
  `salt` varchar(255) NOT NULL,
  `email` varchar(45) DEFAULT NULL,
  `activation_code` varchar(45) DEFAULT NULL,
  `forgotten_password_code` varchar(45) DEFAULT NULL,
  `forgotten_password_time` int(10) unsigned DEFAULT NULL,
  `remember_code` varchar(45) DEFAULT NULL,
  `last_login` timestamp NULL DEFAULT NULL,
  `active` tinyint(3) unsigned DEFAULT NULL,
  `firstname` varchar(45) DEFAULT NULL,
  `lastname` varchar(45) DEFAULT NULL,
  `image` varchar(100) DEFAULT NULL,
  `alamat` varchar(255) DEFAULT NULL,
  `telpon` varchar(45) DEFAULT NULL,
  `bio` varchar(100) DEFAULT NULL,
  `newsletter` tinyint(1) DEFAULT NULL,
  `id_kota` int(11) DEFAULT NULL,
  `id_level` int(11) DEFAULT '3',
  `id_status` int(11) DEFAULT '4',
  `id_group` int(11) DEFAULT '3',
  `date_added` timestamp NULL DEFAULT NULL,
  `date_modified` timestamp NULL DEFAULT NULL,
  `birthdate` datetime DEFAULT NULL,
  `fb_token` varchar(255) DEFAULT NULL,
  `fb_name` varchar(255) DEFAULT NULL,
  `fb_email` varchar(255) DEFAULT NULL,
  `fb_token_expired` varchar(255) DEFAULT NULL,
  `tw_token` varchar(255) DEFAULT NULL,
  `tw_secret` varchar(255) DEFAULT NULL,
  `gcm_id` varchar(255) DEFAULT NULL,
  `gender` varchar(25) DEFAULT NULL,
  PRIMARY KEY (`id_user`),
  UNIQUE KEY `email` (`email`),
  KEY `fk_tbl_user_tbl_kota1_idx` (`id_kota`),
  KEY `fk_tbl_user_tbl_level1_idx` (`id_level`),
  KEY `fk_tbl_user_tbl_status1_idx` (`id_status`),
  KEY `fk_tbl_user_tbl_group1_idx` (`id_group`)
) ENGINE=InnoDB  DEFAULT CHARSET=latin1 AUTO_INCREMENT=26 ;

--
-- Dumping data for table `tbl_user`
--

INSERT INTO `tbl_user` (`id_user`, `ip_address`, `username`, `password`, `salt`, `email`, `activation_code`, `forgotten_password_code`, `forgotten_password_time`, `remember_code`, `last_login`, `active`, `firstname`, `lastname`, `image`, `alamat`, `telpon`, `bio`, `newsletter`, `id_kota`, `id_level`, `id_status`, `id_group`, `date_added`, `date_modified`, `birthdate`, `fb_token`, `fb_name`, `fb_email`, `fb_token_expired`, `tw_token`, `tw_secret`, `gcm_id`, `gender`) VALUES
(1, '192.168.1.1', 'superadmin', '21232f297a57a5a743894a0e4a801fc3', '21232f297a57a5a743894a0e4a801fc3', 'superadmin@mail.com', '21232f297a57a5a743894a0e4a801fc3', '21232f297a57a5a743894a0e4a801fc3', 3, 'vnIsRQ0sVVx24n79uemQ9e', NULL, 1, 'super', 'admin', NULL, 'jl semolo waru elok blok j3', '085712345678', 'i am a super admin of cipika store', 1, 240, 1, 1, 3, '2014-04-19 10:40:37', '2014-04-19 10:40:45', '1990-04-23 00:00:00', NULL, NULL, NULL, NULL, NULL, NULL, NULL, 'man'),
(11, '192.168.1.1', 'administrator', '21232f297a57a5a743894a0e4a801fc3', '21232f297a57a5a743894a0e4a801fc3', 'administrator@mail.com', '21232f297a57a5a743894a0e4a801fc3', '21232f297a57a5a743894a0e4a801fc3', 3, '21232f297a57a5a743894a0e4a801fc3', NULL, 1, 'admin', 'istrator', NULL, 'jl semolo waru elok blok j3', '085712345679', 'i am a administrator of cipika store', 1, 240, 2, 1, 3, '2014-04-23 15:08:04', '2014-04-23 15:08:10', '1990-04-23 00:00:00', NULL, NULL, NULL, NULL, NULL, NULL, NULL, 'man'),
(12, '192.168.1.1', 'sales', '21232f297a57a5a743894a0e4a801fc3', '21232f297a57a5a743894a0e4a801fc3', 'sales@mail.com', '21232f297a57a5a743894a0e4a801fc3', '21232f297a57a5a743894a0e4a801fc3', 3, '21232f297a57a5a743894a0e4a801fc3', NULL, 1, 'sal', 'es', NULL, 'jl semolo waru elok blok j3', '085712345671', 'i am a sales of cipika store', 1, 240, 3, 1, 3, '2014-04-23 15:08:07', '2014-04-23 15:08:11', '1990-04-23 00:00:00', NULL, NULL, NULL, NULL, NULL, NULL, NULL, 'woman'),
(13, '192.168.1.1', 'accounting', '21232f297a57a5a743894a0e4a801fc3', '21232f297a57a5a743894a0e4a801fc3', 'accounting@mail.com', '21232f297a57a5a743894a0e4a801fc3', '21232f297a57a5a743894a0e4a801fc3', 3, '21232f297a57a5a743894a0e4a801fc3', NULL, 1, 'account', 'ing', NULL, 'jl semolo waru elok blok j3', '085712345672', 'i am a accounting of cipika store', 1, 240, 4, 1, 3, '2014-04-23 15:14:21', '2014-04-23 15:14:23', '1990-04-23 00:00:00', NULL, NULL, NULL, NULL, NULL, NULL, NULL, 'woman'),
(14, '192.168.1.1', 'customer service', '21232f297a57a5a743894a0e4a801fc3', '21232f297a57a5a743894a0e4a801fc3', 'customerservice@mail.com', '21232f297a57a5a743894a0e4a801fc3', '21232f297a57a5a743894a0e4a801fc3', 3, '21232f297a57a5a743894a0e4a801fc3', '2014-04-23 15:16:39', 1, 'customer', 'service', NULL, 'jl semolo waru elok blok j3', '085712345673', 'i am a customer service of cipika store', 1, 240, 5, 1, 3, '2014-04-23 15:22:57', '2014-04-23 15:22:58', '2014-04-23 22:23:00', NULL, NULL, NULL, NULL, NULL, NULL, NULL, 'woman'),
(15, '192.168.1.1', 'my store', '21232f297a57a5a743894a0e4a801fc3', '21232f297a57a5a743894a0e4a801fc3', 'member@mail.com', '21232f297a57a5a743894a0e4a801fc3', '21232f297a57a5a743894a0e4a801fc3', 3, 'ZjEE4tnzIZ6QIAGapGagGu', '2014-04-23 15:20:09', 1, 'member', 'cipika', NULL, 'jl semolo waru elok blok j3', '085712345674', 'i am a members of cipika store', 1, 240, 6, 1, 3, '2014-04-23 15:23:54', '2014-04-23 15:23:58', '2014-04-23 22:23:58', NULL, NULL, NULL, NULL, NULL, NULL, NULL, 'man'),
(16, '0', 'my store2', '21232f297a57a5a743894a0e4a801fc3', '', 'member2@mail.com', NULL, NULL, NULL, NULL, NULL, 1, 'my store2', NULL, NULL, NULL, '085645689745', NULL, NULL, 140, 6, 4, 3, '2014-04-23 19:47:33', NULL, NULL, NULL, NULL, NULL, NULL, NULL, NULL, NULL, NULL),
(18, '0', 'Anonymous', '21232f297a57a5a743894a0e4a801fc3', '', 'coba@mail', NULL, NULL, NULL, NULL, NULL, 1, NULL, NULL, NULL, NULL, NULL, NULL, NULL, NULL, 6, 4, 3, '2014-04-28 21:54:33', NULL, NULL, NULL, NULL, NULL, NULL, NULL, NULL, NULL, NULL),
(19, '0', 'Anonymous', '21232f297a57a5a743894a0e4a801fc3', '', 'cobadaftar@mail.com', 'cg5o8lAlbpAWcINDwyAGH', NULL, NULL, NULL, NULL, 1, NULL, NULL, NULL, NULL, NULL, NULL, NULL, NULL, 6, 4, 3, '2014-04-29 02:22:45', NULL, NULL, NULL, NULL, NULL, NULL, NULL, NULL, NULL, NULL),
(25, '0', 'Anonymous', '21232f297a57a5a743894a0e4a801fc3', '', 'gusmanwidodo@gmail.com', '5DOO6pS8nJQYO2CcMVsEF', NULL, NULL, NULL, NULL, 1, NULL, NULL, NULL, NULL, NULL, NULL, NULL, NULL, 6, 4, 3, '2014-04-29 02:29:21', NULL, NULL, NULL, NULL, NULL, NULL, NULL, NULL, NULL, NULL);

-- --------------------------------------------------------

--
-- Table structure for table `users_groups`
--

CREATE TABLE IF NOT EXISTS `users_groups` (
  `id` int(11) unsigned NOT NULL AUTO_INCREMENT,
  `user_id` int(11) NOT NULL,
  `group_id` mediumint(8) unsigned NOT NULL,
  PRIMARY KEY (`id`),
  UNIQUE KEY `uc_users_groups` (`user_id`,`group_id`),
  KEY `fk_users_groups_users1_idx` (`user_id`),
  KEY `fk_users_groups_groups1_idx` (`group_id`)
) ENGINE=InnoDB DEFAULT CHARSET=utf8 AUTO_INCREMENT=1 ;

--
-- Constraints for dumped tables
--

--
-- Constraints for table `tbl_cart`
--
ALTER TABLE `tbl_cart`
  ADD CONSTRAINT `fk_tbl_cart_tbl_produk1` FOREIGN KEY (`id_produk`) REFERENCES `tbl_produk` (`id_produk`) ON DELETE CASCADE ON UPDATE CASCADE,
  ADD CONSTRAINT `fk_tbl_cart_tbl_user1` FOREIGN KEY (`id_user`) REFERENCES `tbl_user` (`id_user`) ON DELETE CASCADE ON UPDATE CASCADE;

--
-- Constraints for table `tbl_follow`
--
ALTER TABLE `tbl_follow`
  ADD CONSTRAINT `fk_tbl_user_has_tbl_user_tbl_user1` FOREIGN KEY (`id_user_following`) REFERENCES `tbl_user` (`id_user`) ON DELETE CASCADE ON UPDATE CASCADE,
  ADD CONSTRAINT `fk_tbl_user_has_tbl_user_tbl_user2` FOREIGN KEY (`id_user_followed`) REFERENCES `tbl_user` (`id_user`) ON DELETE CASCADE ON UPDATE CASCADE;

--
-- Constraints for table `tbl_group`
--
ALTER TABLE `tbl_group`
  ADD CONSTRAINT `fk_tbl_group_tbl_user1` FOREIGN KEY (`id_user`) REFERENCES `tbl_user` (`id_user`) ON DELETE NO ACTION ON UPDATE NO ACTION;

--
-- Constraints for table `tbl_kota`
--
ALTER TABLE `tbl_kota`
  ADD CONSTRAINT `fk_tbl_kota_tbl_propinsi` FOREIGN KEY (`id_provinsi`) REFERENCES `tbl_provinsi` (`id_provinsi`) ON DELETE CASCADE ON UPDATE CASCADE;

--
-- Constraints for table `tbl_love`
--
ALTER TABLE `tbl_love`
  ADD CONSTRAINT `FK_tbl_love_tbl_produk` FOREIGN KEY (`id_produk`) REFERENCES `tbl_produk` (`id_produk`) ON DELETE CASCADE ON UPDATE CASCADE,
  ADD CONSTRAINT `FK_tbl_love_tbl_user` FOREIGN KEY (`id_user`) REFERENCES `tbl_user` (`id_user`) ON DELETE CASCADE ON UPDATE CASCADE;

--
-- Constraints for table `tbl_ongkir`
--
ALTER TABLE `tbl_ongkir`
  ADD CONSTRAINT `fk_tbl_ongkir_tbl_ekspedisi1` FOREIGN KEY (`id_ekspedisi`) REFERENCES `tbl_ekspedisi` (`id_ekspedisi`) ON DELETE CASCADE ON UPDATE CASCADE,
  ADD CONSTRAINT `fk_tbl_ongkir_tbl_kota1` FOREIGN KEY (`id_kota_from`) REFERENCES `tbl_kota` (`id_kota`) ON DELETE CASCADE ON UPDATE CASCADE,
  ADD CONSTRAINT `fk_tbl_ongkir_tbl_kota2` FOREIGN KEY (`id_kota_to`) REFERENCES `tbl_kota` (`id_kota`) ON DELETE CASCADE ON UPDATE CASCADE;

--
-- Constraints for table `tbl_order`
--
ALTER TABLE `tbl_order`
  ADD CONSTRAINT `fk_tbl_order_tbl_ongkir1` FOREIGN KEY (`id_ongkir`) REFERENCES `tbl_ongkir` (`id_ongkir`) ON DELETE NO ACTION ON UPDATE CASCADE,
  ADD CONSTRAINT `fk_tbl_order_tbl_payment1` FOREIGN KEY (`id_payment`) REFERENCES `tbl_payment` (`id_payment`) ON DELETE NO ACTION ON UPDATE CASCADE,
  ADD CONSTRAINT `fk_tbl_order_tbl_user1` FOREIGN KEY (`id_user`) REFERENCES `tbl_user` (`id_user`) ON DELETE NO ACTION ON UPDATE CASCADE;

--
-- Constraints for table `tbl_orderitem`
--
ALTER TABLE `tbl_orderitem`
  ADD CONSTRAINT `fk_tbl_orderItem_tbl_order1` FOREIGN KEY (`id_order`) REFERENCES `tbl_order` (`id_order`) ON DELETE CASCADE ON UPDATE CASCADE;

--
-- Constraints for table `tbl_produk`
--
ALTER TABLE `tbl_produk`
  ADD CONSTRAINT `FK_tbl_produk_tbl_user` FOREIGN KEY (`id_user`) REFERENCES `tbl_user` (`id_user`) ON DELETE CASCADE ON UPDATE CASCADE;

--
-- Constraints for table `tbl_produkatribut`
--
ALTER TABLE `tbl_produkatribut`
  ADD CONSTRAINT `fk_tbl_produkAtribut_tbl_produk1` FOREIGN KEY (`id_produk`) REFERENCES `tbl_produk` (`id_produk`) ON DELETE CASCADE ON UPDATE CASCADE;

--
-- Constraints for table `tbl_produkfoto`
--
ALTER TABLE `tbl_produkfoto`
  ADD CONSTRAINT `fk_tbl_produkFoto_tbl_produk1` FOREIGN KEY (`id_produk`) REFERENCES `tbl_produk` (`id_produk`) ON DELETE CASCADE ON UPDATE CASCADE;

--
-- Constraints for table `tbl_produk_kategori`
--
ALTER TABLE `tbl_produk_kategori`
  ADD CONSTRAINT `FK_tbl_produk_kategori_tbl_kategori` FOREIGN KEY (`id_kategori`) REFERENCES `tbl_kategori` (`id_kategori`) ON DELETE CASCADE ON UPDATE CASCADE,
  ADD CONSTRAINT `FK_tbl_produk_kategori_tbl_produk` FOREIGN KEY (`id_produk`) REFERENCES `tbl_produk` (`id_produk`) ON DELETE CASCADE ON UPDATE CASCADE;

--
-- Constraints for table `tbl_produk_share`
--
ALTER TABLE `tbl_produk_share`
  ADD CONSTRAINT `FK_tbl_produk_share_tbl_user` FOREIGN KEY (`id_user`) REFERENCES `tbl_user` (`id_user`) ON DELETE NO ACTION ON UPDATE CASCADE;

--
-- Constraints for table `tbl_produk_tag`
--
ALTER TABLE `tbl_produk_tag`
  ADD CONSTRAINT `fk_tbl_produk_tag_tbl_produk1` FOREIGN KEY (`id_produk`) REFERENCES `tbl_produk` (`id_produk`) ON DELETE CASCADE ON UPDATE CASCADE,
  ADD CONSTRAINT `fk_tbl_produk_tag_tbl_tag1` FOREIGN KEY (`id_tag`) REFERENCES `tbl_tag` (`id_tag`) ON DELETE CASCADE ON UPDATE CASCADE;

--
-- Constraints for table `tbl_user`
--
ALTER TABLE `tbl_user`
  ADD CONSTRAINT `fk_tbl_user_tbl_group1` FOREIGN KEY (`id_group`) REFERENCES `tbl_group` (`id_group`) ON DELETE NO ACTION ON UPDATE CASCADE,
  ADD CONSTRAINT `fk_tbl_user_tbl_kota1` FOREIGN KEY (`id_kota`) REFERENCES `tbl_kota` (`id_kota`) ON UPDATE CASCADE,
  ADD CONSTRAINT `fk_tbl_user_tbl_level1` FOREIGN KEY (`id_level`) REFERENCES `tbl_level` (`id_level`) ON UPDATE CASCADE,
  ADD CONSTRAINT `fk_tbl_user_tbl_status1` FOREIGN KEY (`id_status`) REFERENCES `tbl_status` (`id_status`) ON UPDATE CASCADE;

--
-- Constraints for table `users_groups`
--
ALTER TABLE `users_groups`
  ADD CONSTRAINT `fk_users_groups_groups1` FOREIGN KEY (`group_id`) REFERENCES `groups` (`id`) ON DELETE CASCADE ON UPDATE NO ACTION,
  ADD CONSTRAINT `fk_users_groups_users1` FOREIGN KEY (`user_id`) REFERENCES `tbl_user` (`id_user`) ON DELETE CASCADE ON UPDATE NO ACTION;

/*!40101 SET CHARACTER_SET_CLIENT=@OLD_CHARACTER_SET_CLIENT */;
/*!40101 SET CHARACTER_SET_RESULTS=@OLD_CHARACTER_SET_RESULTS */;
/*!40101 SET COLLATION_CONNECTION=@OLD_COLLATION_CONNECTION */;
